

SET statement_timeout = 0;
SET lock_timeout = 0;
SET idle_in_transaction_session_timeout = 0;
SET client_encoding = 'UTF8';
SET standard_conforming_strings = on;
SELECT pg_catalog.set_config('search_path', '', false);
SET check_function_bodies = false;
SET xmloption = content;
SET client_min_messages = warning;
SET row_security = off;


COMMENT ON SCHEMA "public" IS 'standard public schema';



CREATE EXTENSION IF NOT EXISTS "pg_graphql" WITH SCHEMA "graphql";






CREATE EXTENSION IF NOT EXISTS "pg_stat_statements" WITH SCHEMA "extensions";






CREATE EXTENSION IF NOT EXISTS "pgcrypto" WITH SCHEMA "extensions";






CREATE EXTENSION IF NOT EXISTS "supabase_vault" WITH SCHEMA "vault";






CREATE EXTENSION IF NOT EXISTS "uuid-ossp" WITH SCHEMA "extensions";






CREATE TYPE "public"."staff_role" AS ENUM (
    'supervisor',
    'porter'
);


ALTER TYPE "public"."staff_role" OWNER TO "postgres";


CREATE OR REPLACE FUNCTION "public"."update_updated_at_column"() RETURNS "trigger"
    LANGUAGE "plpgsql"
    AS $$
BEGIN
  NEW.updated_at = NOW();
  RETURN NEW;
END;
$$;


ALTER FUNCTION "public"."update_updated_at_column"() OWNER TO "postgres";

SET default_tablespace = '';

SET default_table_access_method = "heap";


CREATE TABLE IF NOT EXISTS "public"."area_cover_assignments" (
    "id" "uuid" DEFAULT "extensions"."uuid_generate_v4"() NOT NULL,
    "department_id" "uuid" NOT NULL,
    "shift_type" "text" NOT NULL,
    "porter_id" "uuid",
    "start_time" time without time zone NOT NULL,
    "end_time" time without time zone NOT NULL,
    "color" "text",
    "created_at" timestamp with time zone DEFAULT "now"(),
    "updated_at" timestamp with time zone DEFAULT "now"(),
    CONSTRAINT "area_cover_assignments_shift_type_check" CHECK (("shift_type" = ANY (ARRAY['day'::"text", 'night'::"text"])))
);


ALTER TABLE "public"."area_cover_assignments" OWNER TO "postgres";


CREATE TABLE IF NOT EXISTS "public"."area_cover_porter_assignments" (
    "id" "uuid" DEFAULT "extensions"."uuid_generate_v4"() NOT NULL,
    "area_cover_assignment_id" "uuid" NOT NULL,
    "porter_id" "uuid" NOT NULL,
    "start_time" time without time zone NOT NULL,
    "end_time" time without time zone NOT NULL,
    "created_at" timestamp with time zone DEFAULT "now"(),
    "updated_at" timestamp with time zone DEFAULT "now"()
);


ALTER TABLE "public"."area_cover_porter_assignments" OWNER TO "postgres";


CREATE TABLE IF NOT EXISTS "public"."buildings" (
    "id" "uuid" DEFAULT "extensions"."uuid_generate_v4"() NOT NULL,
    "name" "text" NOT NULL,
    "address" "text",
    "created_at" timestamp with time zone DEFAULT "now"(),
    "updated_at" timestamp with time zone DEFAULT "now"()
);


ALTER TABLE "public"."buildings" OWNER TO "postgres";


CREATE TABLE IF NOT EXISTS "public"."departments" (
    "id" "uuid" DEFAULT "extensions"."uuid_generate_v4"() NOT NULL,
    "building_id" "uuid" NOT NULL,
    "name" "text" NOT NULL,
    "is_frequent" boolean DEFAULT false,
    "created_at" timestamp with time zone DEFAULT "now"(),
    "updated_at" timestamp with time zone DEFAULT "now"()
);


ALTER TABLE "public"."departments" OWNER TO "postgres";


CREATE TABLE IF NOT EXISTS "public"."shift_defaults" (
    "id" "uuid" DEFAULT "extensions"."uuid_generate_v4"() NOT NULL,
    "shift_type" "text" NOT NULL,
    "start_time" time without time zone NOT NULL,
    "end_time" time without time zone NOT NULL,
    "color" "text" NOT NULL,
    "created_at" timestamp with time zone DEFAULT "now"() NOT NULL,
    "updated_at" timestamp with time zone DEFAULT "now"() NOT NULL
);


ALTER TABLE "public"."shift_defaults" OWNER TO "postgres";


COMMENT ON TABLE "public"."shift_defaults" IS 'Stores default shift times and colors';



CREATE TABLE IF NOT EXISTS "public"."staff" (
    "id" "uuid" DEFAULT "extensions"."uuid_generate_v4"() NOT NULL,
    "first_name" "text" NOT NULL,
    "last_name" "text" NOT NULL,
    "role" "public"."staff_role" NOT NULL,
    "created_at" timestamp with time zone DEFAULT "now"(),
    "updated_at" timestamp with time zone DEFAULT "now"(),
    "department_id" "uuid"
);


ALTER TABLE "public"."staff" OWNER TO "postgres";


CREATE TABLE IF NOT EXISTS "public"."staff_department_assignments" (
    "id" "uuid" DEFAULT "extensions"."uuid_generate_v4"() NOT NULL,
    "staff_id" "uuid" NOT NULL,
    "department_id" "uuid" NOT NULL,
    "created_at" timestamp with time zone DEFAULT "now"()
);


ALTER TABLE "public"."staff_department_assignments" OWNER TO "postgres";


CREATE TABLE IF NOT EXISTS "public"."task_item_department_assignments" (
    "id" "uuid" DEFAULT "extensions"."uuid_generate_v4"() NOT NULL,
    "task_item_id" "uuid" NOT NULL,
    "department_id" "uuid" NOT NULL,
    "is_origin" boolean DEFAULT false,
    "is_destination" boolean DEFAULT false,
    "created_at" timestamp with time zone DEFAULT "now"()
);


ALTER TABLE "public"."task_item_department_assignments" OWNER TO "postgres";


CREATE TABLE IF NOT EXISTS "public"."task_items" (
    "id" "uuid" DEFAULT "extensions"."uuid_generate_v4"() NOT NULL,
    "task_type_id" "uuid" NOT NULL,
    "name" "text" NOT NULL,
    "description" "text",
    "created_at" timestamp with time zone DEFAULT "now"(),
    "updated_at" timestamp with time zone DEFAULT "now"()
);


ALTER TABLE "public"."task_items" OWNER TO "postgres";


CREATE TABLE IF NOT EXISTS "public"."task_type_department_assignments" (
    "id" "uuid" DEFAULT "extensions"."uuid_generate_v4"() NOT NULL,
    "task_type_id" "uuid" NOT NULL,
    "department_id" "uuid" NOT NULL,
    "is_origin" boolean DEFAULT false,
    "is_destination" boolean DEFAULT false,
    "created_at" timestamp with time zone DEFAULT "now"()
);


ALTER TABLE "public"."task_type_department_assignments" OWNER TO "postgres";


CREATE TABLE IF NOT EXISTS "public"."task_types" (
    "id" "uuid" DEFAULT "extensions"."uuid_generate_v4"() NOT NULL,
    "name" "text" NOT NULL,
    "description" "text",
    "created_at" timestamp with time zone DEFAULT "now"(),
    "updated_at" timestamp with time zone DEFAULT "now"()
);


ALTER TABLE "public"."task_types" OWNER TO "postgres";


ALTER TABLE ONLY "public"."area_cover_assignments"
    ADD CONSTRAINT "area_cover_assignments_department_id_shift_type_key" UNIQUE ("department_id", "shift_type");



ALTER TABLE ONLY "public"."area_cover_assignments"
    ADD CONSTRAINT "area_cover_assignments_pkey" PRIMARY KEY ("id");



ALTER TABLE ONLY "public"."area_cover_porter_assignments"
    ADD CONSTRAINT "area_cover_porter_assignments_area_cover_assignment_id_port_key" UNIQUE ("area_cover_assignment_id", "porter_id");



ALTER TABLE ONLY "public"."area_cover_porter_assignments"
    ADD CONSTRAINT "area_cover_porter_assignments_pkey" PRIMARY KEY ("id");



ALTER TABLE ONLY "public"."buildings"
    ADD CONSTRAINT "buildings_pkey" PRIMARY KEY ("id");



ALTER TABLE ONLY "public"."departments"
    ADD CONSTRAINT "departments_pkey" PRIMARY KEY ("id");



ALTER TABLE ONLY "public"."shift_defaults"
    ADD CONSTRAINT "shift_defaults_pkey" PRIMARY KEY ("id");



ALTER TABLE ONLY "public"."shift_defaults"
    ADD CONSTRAINT "shift_defaults_shift_type_key" UNIQUE ("shift_type");



ALTER TABLE ONLY "public"."staff_department_assignments"
    ADD CONSTRAINT "staff_department_assignments_pkey" PRIMARY KEY ("id");



ALTER TABLE ONLY "public"."staff_department_assignments"
    ADD CONSTRAINT "staff_department_assignments_staff_id_department_id_key" UNIQUE ("staff_id", "department_id");



ALTER TABLE ONLY "public"."staff"
    ADD CONSTRAINT "staff_pkey" PRIMARY KEY ("id");



ALTER TABLE ONLY "public"."task_item_department_assignments"
    ADD CONSTRAINT "task_item_department_assignments_pkey" PRIMARY KEY ("id");



ALTER TABLE ONLY "public"."task_item_department_assignments"
    ADD CONSTRAINT "task_item_department_assignments_task_item_id_department_id_key" UNIQUE ("task_item_id", "department_id");



ALTER TABLE ONLY "public"."task_items"
    ADD CONSTRAINT "task_items_pkey" PRIMARY KEY ("id");



ALTER TABLE ONLY "public"."task_type_department_assignments"
    ADD CONSTRAINT "task_type_department_assignments_pkey" PRIMARY KEY ("id");



ALTER TABLE ONLY "public"."task_type_department_assignments"
    ADD CONSTRAINT "task_type_department_assignments_task_type_id_department_id_key" UNIQUE ("task_type_id", "department_id");



ALTER TABLE ONLY "public"."task_types"
    ADD CONSTRAINT "task_types_pkey" PRIMARY KEY ("id");



CREATE INDEX "area_cover_assignments_department_id_idx" ON "public"."area_cover_assignments" USING "btree" ("department_id");



CREATE INDEX "area_cover_assignments_porter_id_idx" ON "public"."area_cover_assignments" USING "btree" ("porter_id");



CREATE INDEX "area_cover_assignments_shift_type_idx" ON "public"."area_cover_assignments" USING "btree" ("shift_type");



CREATE INDEX "area_cover_porter_assignments_area_cover_id_idx" ON "public"."area_cover_porter_assignments" USING "btree" ("area_cover_assignment_id");



CREATE INDEX "area_cover_porter_assignments_porter_id_idx" ON "public"."area_cover_porter_assignments" USING "btree" ("porter_id");



CREATE INDEX "departments_building_id_idx" ON "public"."departments" USING "btree" ("building_id");



CREATE INDEX "staff_department_id_idx" ON "public"."staff" USING "btree" ("department_id");



CREATE INDEX "staff_dept_dept_id_idx" ON "public"."staff_department_assignments" USING "btree" ("department_id");



CREATE INDEX "staff_dept_staff_id_idx" ON "public"."staff_department_assignments" USING "btree" ("staff_id");



CREATE INDEX "staff_role_idx" ON "public"."staff" USING "btree" ("role");



CREATE INDEX "task_item_dept_assign_dept_id_idx" ON "public"."task_item_department_assignments" USING "btree" ("department_id");



CREATE INDEX "task_item_dept_assign_task_item_id_idx" ON "public"."task_item_department_assignments" USING "btree" ("task_item_id");



CREATE INDEX "task_items_task_type_id_idx" ON "public"."task_items" USING "btree" ("task_type_id");



CREATE INDEX "task_type_dept_assign_dept_id_idx" ON "public"."task_type_department_assignments" USING "btree" ("department_id");



CREATE INDEX "task_type_dept_assign_task_type_id_idx" ON "public"."task_type_department_assignments" USING "btree" ("task_type_id");



CREATE OR REPLACE TRIGGER "update_area_cover_assignments_updated_at" BEFORE UPDATE ON "public"."area_cover_assignments" FOR EACH ROW EXECUTE FUNCTION "public"."update_updated_at_column"();



CREATE OR REPLACE TRIGGER "update_area_cover_porter_assignments_updated_at" BEFORE UPDATE ON "public"."area_cover_porter_assignments" FOR EACH ROW EXECUTE FUNCTION "public"."update_updated_at_column"();



CREATE OR REPLACE TRIGGER "update_buildings_updated_at" BEFORE UPDATE ON "public"."buildings" FOR EACH ROW EXECUTE FUNCTION "public"."update_updated_at_column"();



CREATE OR REPLACE TRIGGER "update_departments_updated_at" BEFORE UPDATE ON "public"."departments" FOR EACH ROW EXECUTE FUNCTION "public"."update_updated_at_column"();



CREATE OR REPLACE TRIGGER "update_staff_updated_at" BEFORE UPDATE ON "public"."staff" FOR EACH ROW EXECUTE FUNCTION "public"."update_updated_at_column"();



CREATE OR REPLACE TRIGGER "update_task_items_updated_at" BEFORE UPDATE ON "public"."task_items" FOR EACH ROW EXECUTE FUNCTION "public"."update_updated_at_column"();



CREATE OR REPLACE TRIGGER "update_task_types_updated_at" BEFORE UPDATE ON "public"."task_types" FOR EACH ROW EXECUTE FUNCTION "public"."update_updated_at_column"();



ALTER TABLE ONLY "public"."area_cover_assignments"
    ADD CONSTRAINT "area_cover_assignments_department_id_fkey" FOREIGN KEY ("department_id") REFERENCES "public"."departments"("id") ON DELETE CASCADE;



ALTER TABLE ONLY "public"."area_cover_assignments"
    ADD CONSTRAINT "area_cover_assignments_porter_id_fkey" FOREIGN KEY ("porter_id") REFERENCES "public"."staff"("id") ON DELETE SET NULL;



ALTER TABLE ONLY "public"."area_cover_porter_assignments"
    ADD CONSTRAINT "area_cover_porter_assignments_area_cover_assignment_id_fkey" FOREIGN KEY ("area_cover_assignment_id") REFERENCES "public"."area_cover_assignments"("id") ON DELETE CASCADE;



ALTER TABLE ONLY "public"."area_cover_porter_assignments"
    ADD CONSTRAINT "area_cover_porter_assignments_porter_id_fkey" FOREIGN KEY ("porter_id") REFERENCES "public"."staff"("id") ON DELETE CASCADE;



ALTER TABLE ONLY "public"."departments"
    ADD CONSTRAINT "departments_building_id_fkey" FOREIGN KEY ("building_id") REFERENCES "public"."buildings"("id") ON DELETE CASCADE;



ALTER TABLE ONLY "public"."staff_department_assignments"
    ADD CONSTRAINT "staff_department_assignments_department_id_fkey" FOREIGN KEY ("department_id") REFERENCES "public"."departments"("id") ON DELETE CASCADE;



ALTER TABLE ONLY "public"."staff_department_assignments"
    ADD CONSTRAINT "staff_department_assignments_staff_id_fkey" FOREIGN KEY ("staff_id") REFERENCES "public"."staff"("id") ON DELETE CASCADE;



ALTER TABLE ONLY "public"."staff"
    ADD CONSTRAINT "staff_department_id_fkey" FOREIGN KEY ("department_id") REFERENCES "public"."departments"("id") ON DELETE SET NULL;



ALTER TABLE ONLY "public"."task_item_department_assignments"
    ADD CONSTRAINT "task_item_department_assignments_department_id_fkey" FOREIGN KEY ("department_id") REFERENCES "public"."departments"("id") ON DELETE CASCADE;



ALTER TABLE ONLY "public"."task_item_department_assignments"
    ADD CONSTRAINT "task_item_department_assignments_task_item_id_fkey" FOREIGN KEY ("task_item_id") REFERENCES "public"."task_items"("id") ON DELETE CASCADE;



ALTER TABLE ONLY "public"."task_items"
    ADD CONSTRAINT "task_items_task_type_id_fkey" FOREIGN KEY ("task_type_id") REFERENCES "public"."task_types"("id") ON DELETE CASCADE;



ALTER TABLE ONLY "public"."task_type_department_assignments"
    ADD CONSTRAINT "task_type_department_assignments_department_id_fkey" FOREIGN KEY ("department_id") REFERENCES "public"."departments"("id") ON DELETE CASCADE;



ALTER TABLE ONLY "public"."task_type_department_assignments"
    ADD CONSTRAINT "task_type_department_assignments_task_type_id_fkey" FOREIGN KEY ("task_type_id") REFERENCES "public"."task_types"("id") ON DELETE CASCADE;



CREATE POLICY "Allow authenticated users to manage shift defaults" ON "public"."shift_defaults" USING (("auth"."role"() = 'authenticated'::"text"));



CREATE POLICY "Allow authenticated users to read all shift defaults" ON "public"."shift_defaults" FOR SELECT USING (("auth"."role"() = 'authenticated'::"text"));



ALTER TABLE "public"."shift_defaults" ENABLE ROW LEVEL SECURITY;




ALTER PUBLICATION "supabase_realtime" OWNER TO "postgres";


GRANT USAGE ON SCHEMA "public" TO "postgres";
GRANT USAGE ON SCHEMA "public" TO "anon";
GRANT USAGE ON SCHEMA "public" TO "authenticated";
GRANT USAGE ON SCHEMA "public" TO "service_role";

























































































































































GRANT ALL ON FUNCTION "public"."update_updated_at_column"() TO "anon";
GRANT ALL ON FUNCTION "public"."update_updated_at_column"() TO "authenticated";
GRANT ALL ON FUNCTION "public"."update_updated_at_column"() TO "service_role";


















GRANT ALL ON TABLE "public"."area_cover_assignments" TO "anon";
GRANT ALL ON TABLE "public"."area_cover_assignments" TO "authenticated";
GRANT ALL ON TABLE "public"."area_cover_assignments" TO "service_role";



GRANT ALL ON TABLE "public"."area_cover_porter_assignments" TO "anon";
GRANT ALL ON TABLE "public"."area_cover_porter_assignments" TO "authenticated";
GRANT ALL ON TABLE "public"."area_cover_porter_assignments" TO "service_role";



GRANT ALL ON TABLE "public"."buildings" TO "anon";
GRANT ALL ON TABLE "public"."buildings" TO "authenticated";
GRANT ALL ON TABLE "public"."buildings" TO "service_role";



GRANT ALL ON TABLE "public"."departments" TO "anon";
GRANT ALL ON TABLE "public"."departments" TO "authenticated";
GRANT ALL ON TABLE "public"."departments" TO "service_role";



GRANT ALL ON TABLE "public"."shift_defaults" TO "anon";
GRANT ALL ON TABLE "public"."shift_defaults" TO "authenticated";
GRANT ALL ON TABLE "public"."shift_defaults" TO "service_role";



GRANT ALL ON TABLE "public"."staff" TO "anon";
GRANT ALL ON TABLE "public"."staff" TO "authenticated";
GRANT ALL ON TABLE "public"."staff" TO "service_role";



GRANT ALL ON TABLE "public"."staff_department_assignments" TO "anon";
GRANT ALL ON TABLE "public"."staff_department_assignments" TO "authenticated";
GRANT ALL ON TABLE "public"."staff_department_assignments" TO "service_role";



GRANT ALL ON TABLE "public"."task_item_department_assignments" TO "anon";
GRANT ALL ON TABLE "public"."task_item_department_assignments" TO "authenticated";
GRANT ALL ON TABLE "public"."task_item_department_assignments" TO "service_role";



GRANT ALL ON TABLE "public"."task_items" TO "anon";
GRANT ALL ON TABLE "public"."task_items" TO "authenticated";
GRANT ALL ON TABLE "public"."task_items" TO "service_role";



GRANT ALL ON TABLE "public"."task_type_department_assignments" TO "anon";
GRANT ALL ON TABLE "public"."task_type_department_assignments" TO "authenticated";
GRANT ALL ON TABLE "public"."task_type_department_assignments" TO "service_role";



GRANT ALL ON TABLE "public"."task_types" TO "anon";
GRANT ALL ON TABLE "public"."task_types" TO "authenticated";
GRANT ALL ON TABLE "public"."task_types" TO "service_role";









ALTER DEFAULT PRIVILEGES FOR ROLE "postgres" IN SCHEMA "public" GRANT ALL ON SEQUENCES  TO "postgres";
ALTER DEFAULT PRIVILEGES FOR ROLE "postgres" IN SCHEMA "public" GRANT ALL ON SEQUENCES  TO "anon";
ALTER DEFAULT PRIVILEGES FOR ROLE "postgres" IN SCHEMA "public" GRANT ALL ON SEQUENCES  TO "authenticated";
ALTER DEFAULT PRIVILEGES FOR ROLE "postgres" IN SCHEMA "public" GRANT ALL ON SEQUENCES  TO "service_role";






ALTER DEFAULT PRIVILEGES FOR ROLE "postgres" IN SCHEMA "public" GRANT ALL ON FUNCTIONS  TO "postgres";
ALTER DEFAULT PRIVILEGES FOR ROLE "postgres" IN SCHEMA "public" GRANT ALL ON FUNCTIONS  TO "anon";
ALTER DEFAULT PRIVILEGES FOR ROLE "postgres" IN SCHEMA "public" GRANT ALL ON FUNCTIONS  TO "authenticated";
ALTER DEFAULT PRIVILEGES FOR ROLE "postgres" IN SCHEMA "public" GRANT ALL ON FUNCTIONS  TO "service_role";






ALTER DEFAULT PRIVILEGES FOR ROLE "postgres" IN SCHEMA "public" GRANT ALL ON TABLES  TO "postgres";
ALTER DEFAULT PRIVILEGES FOR ROLE "postgres" IN SCHEMA "public" GRANT ALL ON TABLES  TO "anon";
ALTER DEFAULT PRIVILEGES FOR ROLE "postgres" IN SCHEMA "public" GRANT ALL ON TABLES  TO "authenticated";
ALTER DEFAULT PRIVILEGES FOR ROLE "postgres" IN SCHEMA "public" GRANT ALL ON TABLES  TO "service_role";






























RESET ALL;
SET session_replication_role = replica;

--
-- PostgreSQL database dump
--

-- Dumped from database version 15.8
-- Dumped by pg_dump version 15.8

SET statement_timeout = 0;
SET lock_timeout = 0;
SET idle_in_transaction_session_timeout = 0;
SET client_encoding = 'UTF8';
SET standard_conforming_strings = on;
SELECT pg_catalog.set_config('search_path', '', false);
SET check_function_bodies = false;
SET xmloption = content;
SET client_min_messages = warning;
SET row_security = off;

--
-- Data for Name: audit_log_entries; Type: TABLE DATA; Schema: auth; Owner: supabase_auth_admin
--



--
-- Data for Name: flow_state; Type: TABLE DATA; Schema: auth; Owner: supabase_auth_admin
--



--
-- Data for Name: users; Type: TABLE DATA; Schema: auth; Owner: supabase_auth_admin
--



--
-- Data for Name: identities; Type: TABLE DATA; Schema: auth; Owner: supabase_auth_admin
--



--
-- Data for Name: instances; Type: TABLE DATA; Schema: auth; Owner: supabase_auth_admin
--



--
-- Data for Name: sessions; Type: TABLE DATA; Schema: auth; Owner: supabase_auth_admin
--



--
-- Data for Name: mfa_amr_claims; Type: TABLE DATA; Schema: auth; Owner: supabase_auth_admin
--



--
-- Data for Name: mfa_factors; Type: TABLE DATA; Schema: auth; Owner: supabase_auth_admin
--



--
-- Data for Name: mfa_challenges; Type: TABLE DATA; Schema: auth; Owner: supabase_auth_admin
--



--
-- Data for Name: one_time_tokens; Type: TABLE DATA; Schema: auth; Owner: supabase_auth_admin
--



--
-- Data for Name: refresh_tokens; Type: TABLE DATA; Schema: auth; Owner: supabase_auth_admin
--



--
-- Data for Name: sso_providers; Type: TABLE DATA; Schema: auth; Owner: supabase_auth_admin
--



--
-- Data for Name: saml_providers; Type: TABLE DATA; Schema: auth; Owner: supabase_auth_admin
--



--
-- Data for Name: saml_relay_states; Type: TABLE DATA; Schema: auth; Owner: supabase_auth_admin
--



--
-- Data for Name: sso_domains; Type: TABLE DATA; Schema: auth; Owner: supabase_auth_admin
--



--
-- Data for Name: buildings; Type: TABLE DATA; Schema: public; Owner: postgres
--

INSERT INTO "public"."buildings" ("id", "name", "address", "created_at", "updated_at") VALUES
	('f47ac10b-58cc-4372-a567-0e02b2c3d479', 'Main Hospital', '123 Medical Drive', '2025-05-22 10:30:30.870153+00', '2025-05-22 10:30:30.870153+00'),
	('f47ac10b-58cc-4372-a567-0e02b2c3d481', 'Research Center', '200 Science Boulevard', '2025-05-22 10:30:30.870153+00', '2025-05-22 10:30:30.870153+00'),
	('b4891ac9-bb9c-4c63-977d-038890607b98', 'Harstshead', NULL, '2025-05-22 10:41:06.907057+00', '2025-05-22 10:41:06.907057+00'),
	('f47ac10b-58cc-4372-a567-0e02b2c3d480', 'East Wingssss', '125 Medical Drive', '2025-05-22 10:30:30.870153+00', '2025-05-22 17:32:44.747658+00');


--
-- Data for Name: departments; Type: TABLE DATA; Schema: public; Owner: postgres
--

INSERT INTO "public"."departments" ("id", "building_id", "name", "is_frequent", "created_at", "updated_at") VALUES
	('f47ac10b-58cc-4372-a567-0e02b2c3d483', 'f47ac10b-58cc-4372-a567-0e02b2c3d479', 'Radiology', false, '2025-05-22 10:30:30.870153+00', '2025-05-22 10:30:30.870153+00'),
	('f47ac10b-58cc-4372-a567-0e02b2c3d486', 'f47ac10b-58cc-4372-a567-0e02b2c3d480', 'Neurology', false, '2025-05-22 10:30:30.870153+00', '2025-05-22 10:30:30.870153+00'),
	('f47ac10b-58cc-4372-a567-0e02b2c3d487', 'f47ac10b-58cc-4372-a567-0e02b2c3d481', 'Clinical Trials', false, '2025-05-22 10:30:30.870153+00', '2025-05-22 10:30:30.870153+00'),
	('f47ac10b-58cc-4372-a567-0e02b2c3d488', 'f47ac10b-58cc-4372-a567-0e02b2c3d481', 'Laboratories', true, '2025-05-22 10:30:30.870153+00', '2025-05-22 10:30:30.870153+00'),
	('f47ac10b-58cc-4372-a567-0e02b2c3d484', 'f47ac10b-58cc-4372-a567-0e02b2c3d479', 'ICU', false, '2025-05-22 10:30:30.870153+00', '2025-05-22 10:35:49.358083+00'),
	('f47ac10b-58cc-4372-a567-0e02b2c3d485', 'f47ac10b-58cc-4372-a567-0e02b2c3d480', 'Cardiologyies', false, '2025-05-22 10:30:30.870153+00', '2025-05-22 10:40:47.84454+00'),
	('831035d1-93e9-4683-af25-b40c2332b2fe', 'b4891ac9-bb9c-4c63-977d-038890607b98', 'EOU', false, '2025-05-22 10:41:18.749919+00', '2025-05-22 10:41:18.749919+00'),
	('8c80c97d-010e-455e-bd7f-68dfccc27043', 'f47ac10b-58cc-4372-a567-0e02b2c3d480', 'SDEC', false, '2025-05-22 17:33:45.432994+00', '2025-05-22 17:33:45.432994+00');


--
-- Data for Name: staff; Type: TABLE DATA; Schema: public; Owner: postgres
--

INSERT INTO "public"."staff" ("id", "first_name", "last_name", "role", "created_at", "updated_at", "department_id") VALUES
	('f45a46c3-2240-462f-9895-494965ecd1a8', 'Michael', 'Johnson', 'porter', '2025-05-22 12:37:46.596932+00', '2025-05-22 12:57:04.760181+00', 'f47ac10b-58cc-4372-a567-0e02b2c3d485'),
	('ad9b079b-07fc-4ece-99b1-a33b0b8a97bc', 'Porter', 'Two', 'porter', '2025-05-22 15:14:27.136064+00', '2025-05-22 15:14:27.136064+00', NULL),
	('75ff4301-3c45-44c5-bd93-1b3a471baaeb', 'Porter', 'Three', 'porter', '2025-05-22 15:14:47.797324+00', '2025-05-22 15:14:47.797324+00', NULL),
	('4ee5cc9a-fa83-4455-8df9-a6c620570a17', 'Martin', 'Smith', 'supervisor', '2025-05-22 16:38:43.142566+00', '2025-05-22 16:38:43.142566+00', NULL),
	('b88b49d1-c394-491e-aaa7-cc196250f0e4', 'Martin', 'Fearon', 'supervisor', '2025-05-22 12:36:39.488519+00', '2025-05-22 16:38:53.581199+00', 'f47ac10b-58cc-4372-a567-0e02b2c3d484'),
	('358aa759-e11e-40b0-b886-37481c5eb6c0', 'Chris', 'Chrombie', 'supervisor', '2025-05-22 16:39:03.319212+00', '2025-05-22 16:39:03.319212+00', NULL),
	('a9d969e3-d449-4005-a679-f63be07c6872', 'Luke', 'Clements', 'supervisor', '2025-05-22 16:39:16.282662+00', '2025-05-22 16:39:16.282662+00', NULL);


--
-- Data for Name: area_cover_assignments; Type: TABLE DATA; Schema: public; Owner: postgres
--

INSERT INTO "public"."area_cover_assignments" ("id", "department_id", "shift_type", "porter_id", "start_time", "end_time", "color", "created_at", "updated_at") VALUES
	('30996744-4aea-4fce-a661-f97a6ab0ad9e', 'f47ac10b-58cc-4372-a567-0e02b2c3d486', 'day', NULL, '09:00:00', '17:00:00', '#EA4335', '2025-05-22 14:23:42.63881+00', '2025-05-22 14:23:42.63881+00'),
	('0e206879-4f2c-4c71-a1f6-ee717fad7d29', 'f47ac10b-58cc-4372-a567-0e02b2c3d483', 'day', NULL, '07:30:00', '15:30:00', '#FBBC05', '2025-05-22 14:23:42.63881+00', '2025-05-22 14:23:42.63881+00'),
	('da7c9105-d530-4b40-b3db-1e7a73145b70', 'f47ac10b-58cc-4372-a567-0e02b2c3d485', 'night', NULL, '20:00:00', '04:00:00', '#4285F4', '2025-05-22 14:23:42.63881+00', '2025-05-22 14:23:42.63881+00'),
	('b839a39a-ead1-4542-8cc9-0c9bfc0bb8d0', '831035d1-93e9-4683-af25-b40c2332b2fe', 'night', NULL, '22:00:00', '06:00:00', '#34A853', '2025-05-22 14:23:42.63881+00', '2025-05-22 14:23:42.63881+00'),
	('b560c26d-710d-46bb-b8ec-29a3f47857fe', 'f47ac10b-58cc-4372-a567-0e02b2c3d485', 'day', 'f45a46c3-2240-462f-9895-494965ecd1a8', '08:00:00', '16:00:00', '#4285F4', '2025-05-22 14:23:42.63881+00', '2025-05-22 14:41:53.486925+00'),
	('abac3b75-8e95-4557-9a80-527fa225e63a', 'f47ac10b-58cc-4372-a567-0e02b2c3d484', 'day', NULL, '08:00:00', '16:00:00', '#4285F4', '2025-05-22 14:31:17.181485+00', '2025-05-22 15:34:55.558469+00');


--
-- Data for Name: area_cover_porter_assignments; Type: TABLE DATA; Schema: public; Owner: postgres
--

INSERT INTO "public"."area_cover_porter_assignments" ("id", "area_cover_assignment_id", "porter_id", "start_time", "end_time", "created_at", "updated_at") VALUES
	('1720cc56-dbe7-4708-b2eb-a486fa49870b', 'abac3b75-8e95-4557-9a80-527fa225e63a', 'f45a46c3-2240-462f-9895-494965ecd1a8', '08:00:00', '09:00:00', '2025-05-22 14:58:12.027621+00', '2025-05-22 15:34:55.623607+00'),
	('5c568bc8-000e-42cb-8474-3d3aa16252b8', 'abac3b75-8e95-4557-9a80-527fa225e63a', 'ad9b079b-07fc-4ece-99b1-a33b0b8a97bc', '09:00:00', '14:00:00', '2025-05-22 15:19:19.700741+00', '2025-05-22 15:34:55.686691+00'),
	('82fd685c-504b-4ab4-885c-9d39ff733649', 'abac3b75-8e95-4557-9a80-527fa225e63a', '75ff4301-3c45-44c5-bd93-1b3a471baaeb', '14:00:00', '15:59:00', '2025-05-22 15:34:42.044143+00', '2025-05-22 15:34:55.767884+00');


--
-- Data for Name: shift_defaults; Type: TABLE DATA; Schema: public; Owner: postgres
--

INSERT INTO "public"."shift_defaults" ("id", "shift_type", "start_time", "end_time", "color", "created_at", "updated_at") VALUES
	('8472931e-f2fd-4827-a444-ab4827e706d2', 'day', '08:00:00', '16:00:00', '#4285F4', '2025-05-22 16:22:03.801345+00', '2025-05-22 16:22:03.801345+00'),
	('f6a391c3-2e65-4b33-ad43-76857a81aa4d', 'night', '20:00:00', '08:00:00', '#673AB7', '2025-05-22 16:22:03.801345+00', '2025-05-22 16:22:03.801345+00');


--
-- Data for Name: staff_department_assignments; Type: TABLE DATA; Schema: public; Owner: postgres
--



--
-- Data for Name: task_types; Type: TABLE DATA; Schema: public; Owner: postgres
--

INSERT INTO "public"."task_types" ("id", "name", "description", "created_at", "updated_at") VALUES
	('f286fc68-33ba-4c5a-98b8-ed7f24f8f59c', 'Patient Transport', 'Tasks related to moving patients between departments', '2025-05-22 11:12:54.89695+00', '2025-05-22 11:12:54.89695+00'),
	('bf94a068-cb8f-4a68-b053-14135b4ad6cd', 'Equipment Transfer', 'Tasks related to moving equipment between departments', '2025-05-22 11:12:54.89695+00', '2025-05-22 11:12:54.89695+00'),
	('fe0d7430-0c52-4f2b-83d5-37e1e208be07', 'Specimen Delivery', 'Tasks related to delivering specimens to labs', '2025-05-22 11:12:54.89695+00', '2025-05-22 11:12:54.89695+00'),
	('b864ed57-5547-404e-9459-1641a030974e', 'Asset Delivery', NULL, '2025-05-22 11:24:42.733351+00', '2025-05-22 11:24:42.733351+00'),
	('a97d8a74-0e16-4e1f-908e-96e935d91002', 'Gasesssss', NULL, '2025-05-22 11:24:51.97167+00', '2025-05-22 12:00:00.205001+00');


--
-- Data for Name: task_items; Type: TABLE DATA; Schema: public; Owner: postgres
--

INSERT INTO "public"."task_items" ("id", "task_type_id", "name", "description", "created_at", "updated_at") VALUES
	('68e8e006-79dc-4d5f-aed0-20755d53403b', 'f286fc68-33ba-4c5a-98b8-ed7f24f8f59c', 'Wheelchair Transport', NULL, '2025-05-22 11:12:54.89695+00', '2025-05-22 11:12:54.89695+00'),
	('14446938-25cd-4655-ad84-dbb7db871f28', 'f286fc68-33ba-4c5a-98b8-ed7f24f8f59c', 'Bed Transport', NULL, '2025-05-22 11:12:54.89695+00', '2025-05-22 11:12:54.89695+00'),
	('532b14f0-042a-4ddf-bc7d-cb95ff298132', 'bf94a068-cb8f-4a68-b053-14135b4ad6cd', 'IV Pump Transfer', NULL, '2025-05-22 11:12:54.89695+00', '2025-05-22 11:12:54.89695+00'),
	('0c90fbec-5d4c-46c0-b7dd-47fba327e3ed', 'bf94a068-cb8f-4a68-b053-14135b4ad6cd', 'Monitor Transfer', NULL, '2025-05-22 11:12:54.89695+00', '2025-05-22 11:12:54.89695+00'),
	('dfe98d58-f606-46f0-afb9-363dfe9a4d3a', 'fe0d7430-0c52-4f2b-83d5-37e1e208be07', 'Blood Sample Delivery', NULL, '2025-05-22 11:12:54.89695+00', '2025-05-22 11:12:54.89695+00'),
	('516e8952-a09b-456b-926d-e78411490a6d', 'fe0d7430-0c52-4f2b-83d5-37e1e208be07', 'Tissue Sample Delivery', NULL, '2025-05-22 11:12:54.89695+00', '2025-05-22 11:12:54.89695+00'),
	('e6068d5d-4bc5-4358-8bae-ed23759dc733', 'a97d8a74-0e16-4e1f-908e-96e935d91002', 'Oxygen F Size', NULL, '2025-05-22 11:25:09.159861+00', '2025-05-22 11:25:09.159861+00'),
	('8058ea70-75c8-4e46-a56f-7490a48cd4f5', 'b864ed57-5547-404e-9459-1641a030974e', 'Bed (Complete)', NULL, '2025-05-22 12:00:44.450407+00', '2025-05-22 12:00:44.450407+00'),
	('a9026cd2-92b9-4a53-acc6-4cdc0acdcf99', 'b864ed57-5547-404e-9459-1641a030974e', 'Bed Frame', NULL, '2025-05-22 12:00:52.076144+00', '2025-05-22 12:00:52.076144+00');


--
-- Data for Name: task_item_department_assignments; Type: TABLE DATA; Schema: public; Owner: postgres
--

INSERT INTO "public"."task_item_department_assignments" ("id", "task_item_id", "department_id", "is_origin", "is_destination", "created_at") VALUES
	('47227e55-ed55-48e4-a172-f989b10adbaa', 'dfe98d58-f606-46f0-afb9-363dfe9a4d3a', 'f47ac10b-58cc-4372-a567-0e02b2c3d485', true, false, '2025-05-22 11:41:05.177624+00'),
	('50939654-2a57-4c42-ba81-d5cc89a1822d', 'dfe98d58-f606-46f0-afb9-363dfe9a4d3a', '831035d1-93e9-4683-af25-b40c2332b2fe', false, true, '2025-05-22 11:41:05.177624+00'),
	('202e214c-d391-4d31-9420-19107d09e369', '532b14f0-042a-4ddf-bc7d-cb95ff298132', 'f47ac10b-58cc-4372-a567-0e02b2c3d485', true, false, '2025-05-22 11:48:58.554953+00'),
	('6d4a3a95-a59f-4f1a-acc3-ecec0ceb4f5c', '532b14f0-042a-4ddf-bc7d-cb95ff298132', 'f47ac10b-58cc-4372-a567-0e02b2c3d486', false, true, '2025-05-22 11:48:58.554953+00');


--
-- Data for Name: task_type_department_assignments; Type: TABLE DATA; Schema: public; Owner: postgres
--

INSERT INTO "public"."task_type_department_assignments" ("id", "task_type_id", "department_id", "is_origin", "is_destination", "created_at") VALUES
	('8ad6f923-15fb-4b1d-9343-7d571fb9e983', 'f286fc68-33ba-4c5a-98b8-ed7f24f8f59c', 'f47ac10b-58cc-4372-a567-0e02b2c3d485', true, false, '2025-05-22 11:22:54.496017+00'),
	('8e26b00d-8001-4d1c-8e07-7301a034f5dc', 'f286fc68-33ba-4c5a-98b8-ed7f24f8f59c', 'f47ac10b-58cc-4372-a567-0e02b2c3d484', false, true, '2025-05-22 11:22:54.496017+00'),
	('044347c0-6a23-42b9-9907-72f2c8547709', 'fe0d7430-0c52-4f2b-83d5-37e1e208be07', '831035d1-93e9-4683-af25-b40c2332b2fe', false, true, '2025-05-22 11:23:47.367207+00'),
	('d8356887-ab0e-42ef-8d95-bfddfe91f1ce', 'fe0d7430-0c52-4f2b-83d5-37e1e208be07', 'f47ac10b-58cc-4372-a567-0e02b2c3d484', true, false, '2025-05-22 11:23:47.367207+00'),
	('50c8607f-9c29-4544-bbde-780502674f3a', 'bf94a068-cb8f-4a68-b053-14135b4ad6cd', 'f47ac10b-58cc-4372-a567-0e02b2c3d485', true, false, '2025-05-22 11:48:30.622979+00');


--
-- Data for Name: buckets; Type: TABLE DATA; Schema: storage; Owner: supabase_storage_admin
--



--
-- Data for Name: objects; Type: TABLE DATA; Schema: storage; Owner: supabase_storage_admin
--



--
-- Data for Name: s3_multipart_uploads; Type: TABLE DATA; Schema: storage; Owner: supabase_storage_admin
--



--
-- Data for Name: s3_multipart_uploads_parts; Type: TABLE DATA; Schema: storage; Owner: supabase_storage_admin
--



--
-- Name: refresh_tokens_id_seq; Type: SEQUENCE SET; Schema: auth; Owner: supabase_auth_admin
--

SELECT pg_catalog.setval('"auth"."refresh_tokens_id_seq"', 1, false);


--
-- PostgreSQL database dump complete
--

RESET ALL;
