-- MySQL dump 10.13  Distrib 8.0.40, for Linux (x86_64)
--
-- Host: db    Database: db
-- ------------------------------------------------------
-- Server version	8.0.40

/*!40101 SET @OLD_CHARACTER_SET_CLIENT=@@CHARACTER_SET_CLIENT */;
/*!40101 SET @OLD_CHARACTER_SET_RESULTS=@@CHARACTER_SET_RESULTS */;
/*!40101 SET @OLD_COLLATION_CONNECTION=@@COLLATION_CONNECTION */;
/*!50503 SET NAMES utf8mb4 */;
/*!40103 SET @OLD_TIME_ZONE=@@TIME_ZONE */;
/*!40103 SET TIME_ZONE='+00:00' */;
/*!40014 SET @OLD_UNIQUE_CHECKS=@@UNIQUE_CHECKS, UNIQUE_CHECKS=0 */;
/*!40014 SET @OLD_FOREIGN_KEY_CHECKS=@@FOREIGN_KEY_CHECKS, FOREIGN_KEY_CHECKS=0 */;
/*!40101 SET @OLD_SQL_MODE=@@SQL_MODE, SQL_MODE='NO_AUTO_VALUE_ON_ZERO' */;
/*!40111 SET @OLD_SQL_NOTES=@@SQL_NOTES, SQL_NOTES=0 */;

--
-- Table structure for table `app_settings`
--

DROP TABLE IF EXISTS `app_settings`;
/*!40101 SET @saved_cs_client     = @@character_set_client */;
/*!50503 SET character_set_client = utf8mb4 */;
CREATE TABLE `app_settings` (
  `id` char(36) CHARACTER SET utf8mb4 COLLATE utf8mb4_unicode_ci NOT NULL DEFAULT (uuid()),
  `timezone` varchar(50) CHARACTER SET utf8mb4 COLLATE utf8mb4_unicode_ci NOT NULL DEFAULT 'UTC',
  `time_format` varchar(10) CHARACTER SET utf8mb4 COLLATE utf8mb4_unicode_ci NOT NULL DEFAULT '24h',
  `created_at` timestamp NULL DEFAULT CURRENT_TIMESTAMP,
  `updated_at` timestamp NULL DEFAULT CURRENT_TIMESTAMP ON UPDATE CURRENT_TIMESTAMP,
  PRIMARY KEY (`id`)
) ENGINE=InnoDB DEFAULT CHARSET=utf8mb4 COLLATE=utf8mb4_unicode_ci;
/*!40101 SET character_set_client = @saved_cs_client */;

--
-- Dumping data for table `app_settings`
--

LOCK TABLES `app_settings` WRITE;
/*!40000 ALTER TABLE `app_settings` DISABLE KEYS */;
INSERT INTO `app_settings` VALUES ('22639f07-209d-41e6-b3e3-f569b6c4db96','GMT','24h','2025-05-24 11:03:15','2025-05-24 11:03:15'),('23828620-07bb-4660-821b-fd3c9253b8cf','GMT','24h','2025-06-26 21:11:14','2025-06-26 21:11:14'),('250f5d63-f85c-4c17-95df-06761d6590c3','GMT','24h','2025-06-25 00:28:36','2025-06-25 00:28:36'),('2643e1b2-763b-49b9-b6e5-8bc5dcd40f7a','GMT','24h','2025-06-25 23:07:44','2025-06-25 23:07:43'),('4f91540d-0e3c-4369-926f-f83648c383ef','GMT','24h','2025-06-25 00:28:04','2025-06-25 00:28:04'),('63f99fa6-34e0-4ca5-b4a4-458d859d2766','GMT','24h','2025-05-24 10:58:53','2025-05-24 10:58:53'),('76c2f394-4c47-4010-b0bd-b687398a495d','UTC','12h','2025-05-24 10:57:56','2025-05-24 10:57:56'),('7f000644-e6f6-4acf-a107-22526bed0266','GMT','24h','2025-06-25 00:29:53','2025-06-25 00:29:52'),('7fa2036f-59f1-4016-88f5-4f6ec8d2d7b0','Europe/London','24h','2025-06-24 22:49:38','2025-06-24 22:49:38'),('ad3c2d3b-d941-4116-bb68-fd2c94e8c35b','GMT','24h','2025-06-24 22:48:59','2025-06-24 22:48:59'),('c661a2b5-4752-409f-ae92-b5b7fc9cf6de','UTC','24h','2025-06-25 00:12:08','2025-06-25 00:12:08'),('d0457585-be03-44a4-a2c2-1669c6a9a7fc','UTC','24h','2025-05-24 10:53:30','2025-05-24 10:53:30'),('fa5c9416-2b70-4b81-9f54-7ebaaac411c0','GMT','24h','2025-05-28 13:07:31','2025-05-28 13:07:28');
/*!40000 ALTER TABLE `app_settings` ENABLE KEYS */;
UNLOCK TABLES;

--
-- Table structure for table `buildings`
--

DROP TABLE IF EXISTS `buildings`;
/*!40101 SET @saved_cs_client     = @@character_set_client */;
/*!50503 SET character_set_client = utf8mb4 */;
CREATE TABLE `buildings` (
  `id` char(36) CHARACTER SET utf8mb4 COLLATE utf8mb4_unicode_ci NOT NULL DEFAULT (uuid()),
  `name` varchar(255) CHARACTER SET utf8mb4 COLLATE utf8mb4_unicode_ci NOT NULL,
  `address` text CHARACTER SET utf8mb4 COLLATE utf8mb4_unicode_ci,
  `created_at` timestamp NULL DEFAULT CURRENT_TIMESTAMP,
  `updated_at` timestamp NULL DEFAULT CURRENT_TIMESTAMP ON UPDATE CURRENT_TIMESTAMP,
  `sort_order` int DEFAULT '0',
  `porter_serviced` tinyint(1) DEFAULT '1',
  `abbreviation` varchar(10) CHARACTER SET utf8mb4 COLLATE utf8mb4_unicode_ci DEFAULT NULL,
  PRIMARY KEY (`id`)
) ENGINE=InnoDB DEFAULT CHARSET=utf8mb4 COLLATE=utf8mb4_unicode_ci;
/*!40101 SET character_set_client = @saved_cs_client */;

--
-- Dumping data for table `buildings`
--

LOCK TABLES `buildings` WRITE;
/*!40000 ALTER TABLE `buildings` DISABLE KEYS */;
INSERT INTO `buildings` VALUES ('20fef7b8-5b9d-40ce-927e-029e707cc9d7','Walkerwood',NULL,'2025-05-27 14:49:57','2025-06-14 08:47:14',80,0,NULL),('23271f2b-4336-4a4a-99a2-49d8d5770cfc','Portland Building',NULL,'2025-05-24 14:33:43','2025-06-14 08:47:14',100,0,NULL),('699f7c00-ccb9-4e57-886d-a9d09d246fc4','Buckton',NULL,'2025-06-14 08:34:29','2025-06-14 08:47:14',70,0,NULL),('69fc7835-337f-4155-946f-e5831a123cbe','Stamford Unit',NULL,'2025-05-24 14:31:31','2025-06-14 08:47:14',0,0,NULL),('6d6b02c1-69b0-4c81-8df5-516676b1c3f7','Etherow',NULL,'2025-06-14 08:37:10','2025-06-14 08:47:14',60,0,NULL),('a7b5df98-955c-40eb-873e-324a6a598dc9','Gas Stores',NULL,'2025-06-23 14:08:12','2025-06-23 14:08:12',0,0,NULL),('abcc57d8-0d21-47ae-83ba-cb6da7f80425','Main Stores',NULL,'2025-05-29 07:52:07','2025-06-23 14:08:23',110,0,NULL),('b4891ac9-bb9c-4c63-977d-038890607b98','Harstshead',NULL,'2025-05-22 09:41:07','2025-06-30 17:01:33',10,1,'HH'),('d4d0bf79-eb71-477e-9d06-03159039e425','New Fountain House',NULL,'2025-05-24 11:20:28','2025-06-14 08:47:14',40,0,NULL),('e02f0b82-4bfc-4579-911a-ec20d4dbbf30','Renal Unit',NULL,'2025-05-24 14:34:17','2025-06-14 08:47:14',50,0,NULL),('e5f1f6d5-d277-4981-bffa-ff8d8b8c8eef','Bereavement Centre',NULL,'2025-05-24 14:12:38','2025-06-14 08:47:14',120,0,NULL),('e85c40e7-6f29-4e22-9787-6ed289c36429','Charlesworth Building',NULL,'2025-05-24 11:20:54','2025-06-30 17:02:04',20,1,'CH'),('f47ac10b-58cc-4372-a567-0e02b2c3d479','Ladysmith Building','123 Medical Drive','2025-05-22 09:30:31','2025-06-30 17:01:53',30,1,'LS'),('f47ac10b-58cc-4372-a567-0e02b2c3d481','Werneth House','200 Science Boulevard','2025-05-22 09:30:31','2025-06-14 08:47:14',90,0,NULL);
/*!40000 ALTER TABLE `buildings` ENABLE KEYS */;
UNLOCK TABLES;

--
-- Table structure for table `default_area_cover_assignments`
--

DROP TABLE IF EXISTS `default_area_cover_assignments`;
/*!40101 SET @saved_cs_client     = @@character_set_client */;
/*!50503 SET character_set_client = utf8mb4 */;
CREATE TABLE `default_area_cover_assignments` (
  `id` char(36) CHARACTER SET utf8mb4 COLLATE utf8mb4_unicode_ci NOT NULL DEFAULT (uuid()),
  `department_id` char(36) CHARACTER SET utf8mb4 COLLATE utf8mb4_unicode_ci NOT NULL,
  `shift_type` varchar(50) CHARACTER SET utf8mb4 COLLATE utf8mb4_unicode_ci NOT NULL,
  `start_time` time DEFAULT '08:00:00',
  `end_time` time DEFAULT '16:00:00',
  `color` varchar(20) CHARACTER SET utf8mb4 COLLATE utf8mb4_unicode_ci DEFAULT '#4285F4',
  `created_at` timestamp NULL DEFAULT CURRENT_TIMESTAMP,
  `updated_at` timestamp NULL DEFAULT CURRENT_TIMESTAMP ON UPDATE CURRENT_TIMESTAMP,
  `minimum_porters` int DEFAULT '1',
  `minimum_porters_mon` int DEFAULT '1',
  `minimum_porters_tue` int DEFAULT '1',
  `minimum_porters_wed` int DEFAULT '1',
  `minimum_porters_thu` int DEFAULT '1',
  `minimum_porters_fri` int DEFAULT '1',
  `minimum_porters_sat` int DEFAULT '1',
  `minimum_porters_sun` int DEFAULT '1',
  PRIMARY KEY (`id`),
  UNIQUE KEY `unique_department_shift_type` (`department_id`,`shift_type`),
  CONSTRAINT `default_area_cover_assignments_ibfk_1` FOREIGN KEY (`department_id`) REFERENCES `departments` (`id`) ON DELETE CASCADE
) ENGINE=InnoDB DEFAULT CHARSET=utf8mb4 COLLATE=utf8mb4_unicode_ci;
/*!40101 SET character_set_client = @saved_cs_client */;

--
-- Dumping data for table `default_area_cover_assignments`
--

LOCK TABLES `default_area_cover_assignments` WRITE;
/*!40000 ALTER TABLE `default_area_cover_assignments` DISABLE KEYS */;
INSERT INTO `default_area_cover_assignments` VALUES ('01c26e7c-06e6-46ca-9c16-7bf624cbb5c9','81c30d93-8712-405c-ac5e-509d48fd9af9','week_day','08:00:00','20:00:00','#4285F4','2025-06-30 14:46:08','2025-06-30 14:46:08',1,1,1,1,1,1,1,1),('30f9760e-1d57-47eb-b74b-e80678cae7b9','8269f3d0-fb22-415c-b235-7cf00c96f3b9','week_night','20:00:00','08:00:00','#4285F4','2025-06-24 21:17:48','2025-06-24 21:17:48',1,1,1,1,1,1,1,1),('3ef8bd12-d8e0-4b4e-ac75-360bbed02cdd','8269f3d0-fb22-415c-b235-7cf00c96f3b9','week_day','08:00:00','20:00:00','#4285F4','2025-06-30 14:45:39','2025-06-30 14:51:50',1,1,1,1,1,1,1,1),('739eaa0c-5cd3-4c1d-9e10-594d14531c2e','1bd33204-7a54-4146-9a82-9344a1ee7b3a','week_night','20:00:00','08:00:00','#4285F4','2025-06-24 21:16:57','2025-06-24 21:16:57',1,1,1,1,1,1,1,1),('8ae8fc5d-adca-4b8b-9396-cfe343f4683d','f9d3bbce-8644-4075-8b80-457777f6d16c','week_day','08:00:00','20:00:00','#4285F4','2025-06-30 14:45:25','2025-06-30 14:48:45',2,2,2,2,2,2,2,2),('9596dd7a-7b63-425d-930b-cec31bc462bf','5bcc07fe-8ec9-43e4-acc5-4b44799cda03','week_day','08:00:00','20:00:00','#4285F4','2025-06-30 14:45:48','2025-06-30 14:53:03',1,1,1,1,1,1,1,1),('fe2dc547-ae2b-4b5b-916a-5e13cb6c30fb','1bd33204-7a54-4146-9a82-9344a1ee7b3a','week_day','08:00:00','20:00:00','#4285F4','2025-06-24 16:33:12','2025-07-01 10:56:07',1,1,1,1,1,1,1,1);
/*!40000 ALTER TABLE `default_area_cover_assignments` ENABLE KEYS */;
UNLOCK TABLES;

--
-- Table structure for table `default_area_cover_porter_assignments`
--

DROP TABLE IF EXISTS `default_area_cover_porter_assignments`;
/*!40101 SET @saved_cs_client     = @@character_set_client */;
/*!50503 SET character_set_client = utf8mb4 */;
CREATE TABLE `default_area_cover_porter_assignments` (
  `id` char(36) CHARACTER SET utf8mb4 COLLATE utf8mb4_unicode_ci NOT NULL DEFAULT (uuid()),
  `default_area_cover_assignment_id` char(36) CHARACTER SET utf8mb4 COLLATE utf8mb4_unicode_ci NOT NULL,
  `porter_id` char(36) CHARACTER SET utf8mb4 COLLATE utf8mb4_unicode_ci NOT NULL,
  `start_time` time DEFAULT '08:00:00',
  `end_time` time DEFAULT '16:00:00',
  `created_at` timestamp NULL DEFAULT CURRENT_TIMESTAMP,
  `updated_at` timestamp NULL DEFAULT CURRENT_TIMESTAMP ON UPDATE CURRENT_TIMESTAMP,
  PRIMARY KEY (`id`),
  KEY `default_area_cover_assignment_id` (`default_area_cover_assignment_id`),
  KEY `porter_id` (`porter_id`),
  CONSTRAINT `default_area_cover_porter_assignments_ibfk_1` FOREIGN KEY (`default_area_cover_assignment_id`) REFERENCES `default_area_cover_assignments` (`id`) ON DELETE CASCADE,
  CONSTRAINT `default_area_cover_porter_assignments_ibfk_2` FOREIGN KEY (`porter_id`) REFERENCES `staff` (`id`) ON DELETE CASCADE
) ENGINE=InnoDB DEFAULT CHARSET=utf8mb4 COLLATE=utf8mb4_unicode_ci;
/*!40101 SET character_set_client = @saved_cs_client */;

--
-- Dumping data for table `default_area_cover_porter_assignments`
--

LOCK TABLES `default_area_cover_porter_assignments` WRITE;
/*!40000 ALTER TABLE `default_area_cover_porter_assignments` DISABLE KEYS */;
INSERT INTO `default_area_cover_porter_assignments` VALUES ('1e41a0df-6b74-4b48-bfd7-f6ad8347f00d','9596dd7a-7b63-425d-930b-cec31bc462bf','74da0ff0-44aa-4fd5-a464-d25e45bea636','08:30:00','16:30:00','2025-06-30 14:53:03','2025-06-30 14:53:03'),('23d709d7-4d6a-4293-b316-e05bd4c11158','9596dd7a-7b63-425d-930b-cec31bc462bf','0689dc61-6dcd-413d-a9f8-579fdc716757','10:00:00','18:00:00','2025-06-30 14:53:03','2025-06-30 14:53:03'),('3be9f7c9-76b9-4617-a531-08b432c18ece','fe2dc547-ae2b-4b5b-916a-5e13cb6c30fb','0c601480-b2ff-4199-9b59-5d437ee3c238','06:00:00','14:00:00','2025-06-30 15:46:47','2025-07-01 10:56:08'),('40f56e6d-75ef-42d8-9c19-147cc5517b40','fe2dc547-ae2b-4b5b-916a-5e13cb6c30fb','ab2ba72f-ff0e-450d-a6a7-acf4d80fc235','09:00:00','17:00:00','2025-06-24 16:40:29','2025-07-01 10:56:08'),('518e3800-7ebf-4f13-965b-b3bd2ba0c496','8ae8fc5d-adca-4b8b-9396-cfe343f4683d','00e0ca67-f415-45ce-9b11-c3260e9cd58e','09:00:00','17:00:00','2025-06-30 14:48:45','2025-06-30 14:48:45'),('6ccd317c-236d-44ad-8f67-327317699166','8ae8fc5d-adca-4b8b-9396-cfe343f4683d','0655269c-b297-42e7-bdec-afb55cdee4d2','08:00:00','16:00:00','2025-06-30 14:48:45','2025-06-30 14:48:45'),('7808a6a6-ba01-49fd-940b-bba16e6db870','3ef8bd12-d8e0-4b4e-ac75-360bbed02cdd','7cc268aa-cb72-4320-ba8d-72f77b77dda6','10:00:00','18:00:00','2025-06-30 14:51:50','2025-06-30 14:51:50'),('acd10993-ae5a-40a8-9612-35efc7f4690d','3ef8bd12-d8e0-4b4e-ac75-360bbed02cdd','df3f3a6d-23b5-4970-9ae0-47d458b84dd3','09:00:00','17:00:00','2025-06-30 14:51:50','2025-06-30 14:51:50'),('d9281b8a-71cb-4df0-9117-1d4f28adf8cc','fe2dc547-ae2b-4b5b-916a-5e13cb6c30fb','bf79faf6-fb3e-4780-841e-63a4a67a5b77','13:00:00','23:00:00','2025-06-24 16:35:27','2025-07-01 10:56:07');
/*!40000 ALTER TABLE `default_area_cover_porter_assignments` ENABLE KEYS */;
UNLOCK TABLES;

--
-- Table structure for table `default_service_cover_assignments`
--

DROP TABLE IF EXISTS `default_service_cover_assignments`;
/*!40101 SET @saved_cs_client     = @@character_set_client */;
/*!50503 SET character_set_client = utf8mb4 */;
CREATE TABLE `default_service_cover_assignments` (
  `id` char(36) CHARACTER SET utf8mb4 COLLATE utf8mb4_unicode_ci NOT NULL DEFAULT (uuid()),
  `service_id` char(36) CHARACTER SET utf8mb4 COLLATE utf8mb4_unicode_ci NOT NULL,
  `shift_type` varchar(50) CHARACTER SET utf8mb4 COLLATE utf8mb4_unicode_ci NOT NULL,
  `start_time` time DEFAULT '08:00:00',
  `end_time` time DEFAULT '16:00:00',
  `color` varchar(20) CHARACTER SET utf8mb4 COLLATE utf8mb4_unicode_ci DEFAULT '#4285F4',
  `created_at` timestamp NULL DEFAULT CURRENT_TIMESTAMP,
  `updated_at` timestamp NULL DEFAULT CURRENT_TIMESTAMP ON UPDATE CURRENT_TIMESTAMP,
  `minimum_porters` int DEFAULT '1',
  `minimum_porters_mon` int DEFAULT '1',
  `minimum_porters_tue` int DEFAULT '1',
  `minimum_porters_wed` int DEFAULT '1',
  `minimum_porters_thu` int DEFAULT '1',
  `minimum_porters_fri` int DEFAULT '1',
  `minimum_porters_sat` int DEFAULT '1',
  `minimum_porters_sun` int DEFAULT '1',
  PRIMARY KEY (`id`),
  UNIQUE KEY `unique_service_shift_type` (`service_id`,`shift_type`),
  CONSTRAINT `default_service_cover_assignments_ibfk_1` FOREIGN KEY (`service_id`) REFERENCES `support_services` (`id`) ON DELETE CASCADE
) ENGINE=InnoDB DEFAULT CHARSET=utf8mb4 COLLATE=utf8mb4_unicode_ci;
/*!40101 SET character_set_client = @saved_cs_client */;

--
-- Dumping data for table `default_service_cover_assignments`
--

LOCK TABLES `default_service_cover_assignments` WRITE;
/*!40000 ALTER TABLE `default_service_cover_assignments` DISABLE KEYS */;
INSERT INTO `default_service_cover_assignments` VALUES ('062b8cbc-3a72-48d1-ba7e-49b2818a909e','ca184e50-8bfa-4d61-b950-c1ba8e65a7a7','week_day','08:30:00','17:00:00','#4285F4','2025-05-28 14:07:58','2025-06-04 10:44:13',4,4,4,4,4,4,4,4),('557671ae-71a7-41f5-bbf7-7d74413e7c9a','0b5c7062-1285-4427-8387-b1b4e14eedc9','week_day','15:00:00','20:00:00','#4285F4','2025-05-28 14:07:40','2025-06-05 03:48:39',1,1,1,1,1,1,1,1),('55c89184-c8b6-4d73-b2dc-d3eed0a06a2f','26c0891b-56c0-4346-8d53-de906aaa64c2','week_day','08:00:00','16:00:00','#4285F4','2025-05-28 14:07:46','2025-06-05 03:54:54',2,2,2,2,2,2,2,2),('57f4a7d1-a30b-41e4-86cd-5e5a242f0b3c','2ad13a8b-6ea2-4926-ad4a-64c74d686658','week_day','07:00:00','15:00:00','#c8a76f','2025-05-28 14:08:50','2025-06-02 16:19:08',1,1,1,1,1,1,1,1),('6d77ea27-4b2d-4ec6-ba65-7e1d320e0aef','ce940139-6ae7-49de-a62a-0d6ba9397928','week_day','09:00:00','17:00:00','#4285F4','2025-05-28 14:07:33','2025-06-05 03:52:12',1,1,1,1,1,1,1,1),('7fc336ff-13ad-4b4f-9a32-3cde7b7628b4','976ec471-fd8c-450e-a2ce-5b51993e502c','week_day','08:00:00','20:00:00','#4285F4','2025-06-24 14:43:55','2025-06-24 14:43:55',1,1,1,1,1,1,1,1),('8c3a75ea-dbec-40cc-9d88-ba7da0e0c402','7cfa1ddf-61b0-489e-ad23-b924cf995419','week_day','07:00:00','15:00:00','#4285F4','2025-05-28 14:07:52','2025-06-05 03:55:59',2,2,2,2,2,2,2,2),('a09a1bc3-63e4-48e0-a344-f9dbc42c4431','976ec471-fd8c-450e-a2ce-5b51993e502c','week_night','20:00:00','01:00:00','#4285F4','2025-06-23 14:41:48','2025-06-23 14:41:48',1,1,1,1,1,1,1,1),('aa1a61d1-e538-415a-a89d-9f568fc92adb','30c5c045-a442-4ec8-b285-c7bc010f4d83','week_day','07:00:00','15:00:00','#4285F4','2025-05-28 14:05:24','2025-06-05 05:38:35',2,2,2,2,2,2,2,2),('ce4b641d-619d-4c1b-8c68-d9d850306492','2ad13a8b-6ea2-4926-ad4a-64c74d686658','weekend_day','08:00:00','20:00:00','#4285F4','2025-05-28 14:14:08','2025-06-01 10:12:02',1,1,1,1,1,1,1,1),('f78cc3b7-114b-466b-a293-359d6246b921','976ec471-fd8c-450e-a2ce-5b51993e502c','weekend_day','08:00:00','20:00:00','#4285F4','2025-06-15 06:47:59','2025-06-15 06:47:59',1,1,1,1,1,1,1,1);
/*!40000 ALTER TABLE `default_service_cover_assignments` ENABLE KEYS */;
UNLOCK TABLES;

--
-- Table structure for table `default_service_cover_porter_assignments`
--

DROP TABLE IF EXISTS `default_service_cover_porter_assignments`;
/*!40101 SET @saved_cs_client     = @@character_set_client */;
/*!50503 SET character_set_client = utf8mb4 */;
CREATE TABLE `default_service_cover_porter_assignments` (
  `id` char(36) CHARACTER SET utf8mb4 COLLATE utf8mb4_unicode_ci NOT NULL DEFAULT (uuid()),
  `default_service_cover_assignment_id` char(36) CHARACTER SET utf8mb4 COLLATE utf8mb4_unicode_ci NOT NULL,
  `porter_id` char(36) CHARACTER SET utf8mb4 COLLATE utf8mb4_unicode_ci NOT NULL,
  `start_time` time DEFAULT '08:00:00',
  `end_time` time DEFAULT '16:00:00',
  `created_at` timestamp NULL DEFAULT CURRENT_TIMESTAMP,
  `updated_at` timestamp NULL DEFAULT CURRENT_TIMESTAMP ON UPDATE CURRENT_TIMESTAMP,
  PRIMARY KEY (`id`),
  KEY `default_service_cover_assignment_id` (`default_service_cover_assignment_id`),
  KEY `porter_id` (`porter_id`),
  CONSTRAINT `default_service_cover_porter_assignments_ibfk_1` FOREIGN KEY (`default_service_cover_assignment_id`) REFERENCES `default_service_cover_assignments` (`id`) ON DELETE CASCADE,
  CONSTRAINT `default_service_cover_porter_assignments_ibfk_2` FOREIGN KEY (`porter_id`) REFERENCES `staff` (`id`) ON DELETE CASCADE
) ENGINE=InnoDB DEFAULT CHARSET=utf8mb4 COLLATE=utf8mb4_unicode_ci;
/*!40101 SET character_set_client = @saved_cs_client */;

--
-- Dumping data for table `default_service_cover_porter_assignments`
--

LOCK TABLES `default_service_cover_porter_assignments` WRITE;
/*!40000 ALTER TABLE `default_service_cover_porter_assignments` DISABLE KEYS */;
INSERT INTO `default_service_cover_porter_assignments` VALUES ('0c25f6c0-19f1-4288-97cf-9b28212a9e0a','062b8cbc-3a72-48d1-ba7e-49b2818a909e','ac5427be-ea01-4f42-9c46-17e2f089dee8','09:00:00','17:00:00','2025-06-01 17:54:02','2025-06-04 10:44:13'),('44d34895-d3e5-4a87-b845-67f8aff12f37','8c3a75ea-dbec-40cc-9d88-ba7da0e0c402','8daf3b6b-4e59-4445-ac27-397d1bc7854d','07:00:00','15:00:00','2025-06-02 16:22:14','2025-06-05 03:55:59'),('4578c334-21c4-4427-9569-cd251016820e','062b8cbc-3a72-48d1-ba7e-49b2818a909e','7a905342-f7d6-4105-b56f-d922e86dbbd9','08:30:00','16:30:00','2025-06-01 17:54:02','2025-06-04 10:44:13'),('6dc87b69-0871-447f-a0c0-75cac448c449','062b8cbc-3a72-48d1-ba7e-49b2818a909e','035ad40e-3ca6-4ce0-ab96-8590bd0b7f3f','09:00:00','17:00:00','2025-06-01 17:54:02','2025-06-04 10:44:13'),('7e00cfbe-d3b6-412e-b728-504a3256d0b6','557671ae-71a7-41f5-bbf7-7d74413e7c9a','c30cc891-1722-404f-9b84-14ffcee8d93f','15:00:00','20:00:00','2025-06-05 03:48:39','2025-06-05 03:48:39'),('8317bd19-3ac9-4b0e-a200-7f8d201fa630','062b8cbc-3a72-48d1-ba7e-49b2818a909e','c3579d99-b97e-4019-b37a-f63515fe3ca4','09:00:00','17:00:00','2025-06-01 17:54:02','2025-06-04 10:44:13'),('8b0fad05-a563-4a4d-ad55-29523c97ac1f','aa1a61d1-e538-415a-a89d-9f568fc92adb','2fe13155-0425-4634-b42a-04380ff73ad1','07:00:00','15:00:00','2025-06-05 05:38:35','2025-06-05 05:38:35'),('97e2b825-a753-49e5-add4-d506434080bc','6d77ea27-4b2d-4ec6-ba65-7e1d320e0aef','394d8660-7946-4b31-87c9-b60f7e1bc294','09:00:00','17:00:00','2025-06-05 03:51:13','2025-06-05 03:52:12'),('9ad8f215-ae55-4cd6-a029-7da1809341bc','55c89184-c8b6-4d73-b2dc-d3eed0a06a2f','f304fa99-8e00-48d0-a616-d156b0f7484d','08:00:00','16:00:00','2025-06-05 03:54:26','2025-06-05 03:54:55'),('a8f08037-c45c-4692-bc79-171d7182f8f7','57f4a7d1-a30b-41e4-86cd-5e5a242f0b3c','56d5a952-a958-41c5-aa28-bd42e06720c8','07:00:00','15:00:00','2025-06-02 16:19:08','2025-06-02 16:19:08'),('ae63ea97-d6dd-4acc-8aaf-d41dd798caca','55c89184-c8b6-4d73-b2dc-d3eed0a06a2f','7c20aec3-bf78-4ef9-b35e-429e41ac739b','08:00:00','16:00:00','2025-06-05 03:54:55','2025-06-05 03:54:55'),('b3caa690-521b-45ed-8ee4-2813865629a3','6d77ea27-4b2d-4ec6-ba65-7e1d320e0aef','4fb21c6f-2f5b-4f6e-b727-239a3391092a','08:00:00','16:00:00','2025-06-05 03:52:12','2025-06-05 03:52:12'),('bcd0f2a0-34ac-43f6-a860-3224f40d60ee','aa1a61d1-e538-415a-a89d-9f568fc92adb','3316eda6-d5f5-445f-8721-b8c42e18d89c','07:00:00','15:00:00','2025-06-05 05:38:35','2025-06-05 05:38:35'),('d8f9e89a-3736-4aec-a698-f7a19218362a','8c3a75ea-dbec-40cc-9d88-ba7da0e0c402','b30280c2-aecc-4953-a1df-5f703bce4772','07:00:00','15:00:00','2025-06-05 03:55:59','2025-06-05 03:55:59'),('d978a8f5-de5c-4e44-b4ef-a249928c490b','55c89184-c8b6-4d73-b2dc-d3eed0a06a2f','2524b1c5-45e1-4f15-bf3b-984354f22cdc','08:00:00','16:00:00','2025-06-05 03:53:42','2025-06-05 03:54:55'),('f3fe847c-e319-4ea8-a4b1-ea0dae937da0','57f4a7d1-a30b-41e4-86cd-5e5a242f0b3c','394d8660-7946-4b31-87c9-b60f7e1bc294','07:00:00','15:00:00','2025-06-02 16:19:08','2025-06-02 16:19:08');
/*!40000 ALTER TABLE `default_service_cover_porter_assignments` ENABLE KEYS */;
UNLOCK TABLES;

--
-- Table structure for table `department_task_assignments`
--

DROP TABLE IF EXISTS `department_task_assignments`;
/*!40101 SET @saved_cs_client     = @@character_set_client */;
/*!50503 SET character_set_client = utf8mb4 */;
CREATE TABLE `department_task_assignments` (
  `id` char(36) CHARACTER SET utf8mb4 COLLATE utf8mb4_unicode_ci NOT NULL DEFAULT (uuid()),
  `department_id` char(36) CHARACTER SET utf8mb4 COLLATE utf8mb4_unicode_ci NOT NULL,
  `task_type_id` char(36) CHARACTER SET utf8mb4 COLLATE utf8mb4_unicode_ci NOT NULL,
  `task_item_id` char(36) CHARACTER SET utf8mb4 COLLATE utf8mb4_unicode_ci NOT NULL,
  `created_at` timestamp NULL DEFAULT CURRENT_TIMESTAMP,
  PRIMARY KEY (`id`),
  KEY `department_id` (`department_id`),
  KEY `task_type_id` (`task_type_id`),
  KEY `task_item_id` (`task_item_id`),
  CONSTRAINT `department_task_assignments_ibfk_1` FOREIGN KEY (`department_id`) REFERENCES `departments` (`id`) ON DELETE CASCADE,
  CONSTRAINT `department_task_assignments_ibfk_2` FOREIGN KEY (`task_type_id`) REFERENCES `task_types` (`id`) ON DELETE CASCADE,
  CONSTRAINT `department_task_assignments_ibfk_3` FOREIGN KEY (`task_item_id`) REFERENCES `task_items` (`id`) ON DELETE CASCADE
) ENGINE=InnoDB DEFAULT CHARSET=utf8mb4 COLLATE=utf8mb4_unicode_ci;
/*!40101 SET character_set_client = @saved_cs_client */;

--
-- Dumping data for table `department_task_assignments`
--

LOCK TABLES `department_task_assignments` WRITE;
/*!40000 ALTER TABLE `department_task_assignments` DISABLE KEYS */;
INSERT INTO `department_task_assignments` VALUES ('0ac90389-47f1-4995-bd19-2acd04864682','6d2fec2e-7a59-4a30-97e9-03c9f4672eea','fe0d7430-0c52-4f2b-83d5-37e1e208be07','dfe98d58-f606-46f0-afb9-363dfe9a4d3a','2025-06-11 13:52:01'),('106f1f05-ab88-4e8f-8d57-1be16322f985','60c6f384-09d7-4ec8-bc90-b72fe1d82af9','a97d8a74-0e16-4e1f-908e-96e935d91002','496c3b93-bc9c-4ea3-b022-aa2843d166e0','2025-06-15 09:36:23'),('11faba13-9ae0-447c-92b4-4da86ada0694','99d8db21-2c14-4f8f-8e54-54fc81004997','f286fc68-33ba-4c5a-98b8-ed7f24f8f59c','be835d6f-62c6-48bf-ae5f-5257e097349b','2025-06-15 13:27:35'),('1707f30b-e1e5-4060-b8d5-0055126a3a69','571553c2-9f8f-4ec0-92ca-5c84f0379d0c','fe0d7430-0c52-4f2b-83d5-37e1e208be07','dfe98d58-f606-46f0-afb9-363dfe9a4d3a','2025-06-11 13:52:23'),('1a08c8a5-76fc-42ec-8694-5edb6d72d6fb','1bd33204-7a54-4146-9a82-9344a1ee7b3a','f286fc68-33ba-4c5a-98b8-ed7f24f8f59c','14446938-25cd-4655-ad84-dbb7db871f28','2025-06-11 14:17:11'),('1ec876d6-011b-48b6-8c43-15890f281d4c','831035d1-93e9-4683-af25-b40c2332b2fe','fe0d7430-0c52-4f2b-83d5-37e1e208be07','dfe98d58-f606-46f0-afb9-363dfe9a4d3a','2025-06-11 14:17:58'),('222e730b-6d15-45d6-bc8c-a1268e2df90f','4d4a725f-876e-449b-a1c6-cd4d6a50a637','fe0d7430-0c52-4f2b-83d5-37e1e208be07','5c0c9e25-ae34-4872-8696-4c4ce6e76112','2025-06-11 14:17:43'),('24dbc56d-444b-4c3f-a94c-8ebcf231924e','9547f487-ef9c-4c1a-8bf9-9e423e32489d','f286fc68-33ba-4c5a-98b8-ed7f24f8f59c','14446938-25cd-4655-ad84-dbb7db871f28','2025-06-11 14:19:01'),('7098334f-2f5f-49c8-8beb-c8e5f585ec81','c487a171-dafb-430c-9ef9-b7f8964d7fa6','fe0d7430-0c52-4f2b-83d5-37e1e208be07','dfe98d58-f606-46f0-afb9-363dfe9a4d3a','2025-06-11 14:18:12'),('886724d9-1bf4-47eb-ad7e-2ffac9674682','167c7358-aa39-498e-b0b0-bda652b27401','a47856e2-f979-4dae-9444-472e548d4a96','a59c446d-7263-4733-93ce-5823448a5fde','2025-06-15 13:27:18'),('98d2f8f3-7440-11f0-ab6e-c22d51a9af9c','1cac53b0-f370-4a13-95ca-f4cfd85dd197','b864ed57-5547-404e-9459-1641a030974e','a9026cd2-92b9-4a53-acc6-4cdc0acdcf99','2025-08-08 09:15:24'),('a409134d-ff8d-4669-b298-caee04c21a86','81c30d93-8712-405c-ac5e-509d48fd9af9','f286fc68-33ba-4c5a-98b8-ed7f24f8f59c','14446938-25cd-4655-ad84-dbb7db871f28','2025-06-11 13:50:27'),('a839ea6f-cb73-4a59-bcfe-68173dfa1e88','2b3bbc1d-13fa-4af2-b23e-1e80c2225370','fe0d7430-0c52-4f2b-83d5-37e1e208be07','dfe98d58-f606-46f0-afb9-363dfe9a4d3a','2025-06-11 13:51:48'),('aeffb87e-b1cf-4f24-863b-9779b39050c8','a2ef9aed-a412-42fc-9ca1-b8e571aa9da0','fe0d7430-0c52-4f2b-83d5-37e1e208be07','dfe98d58-f606-46f0-afb9-363dfe9a4d3a','2025-06-11 13:52:15'),('b1d27130-5806-41f1-9cec-c47670b512d5','8a02eaa0-61c8-4c3c-846a-d723e27cd408','f286fc68-33ba-4c5a-98b8-ed7f24f8f59c','14446938-25cd-4655-ad84-dbb7db871f28','2025-06-11 13:50:51'),('b2dd6756-f772-45b2-904b-69c96e6544ef','bcb9ab4c-88c9-4d90-8b10-d97216de49ed','9299c8d0-e0a2-432b-9f96-7334d1f7d276','e5e84800-eb11-4889-bb97-39ea75ef5190','2025-06-11 13:51:32'),('c89832ad-c3f9-4a6f-8704-9c52ed83fb00','ac2333d2-0b37-4924-a039-478caf702fbd','fe0d7430-0c52-4f2b-83d5-37e1e208be07','dfe98d58-f606-46f0-afb9-363dfe9a4d3a','2025-06-11 14:16:43'),('d21c118b-113d-4f8a-acec-d177075a0073','23199491-fe75-4c33-9cc8-1c86070cf0d1','fe0d7430-0c52-4f2b-83d5-37e1e208be07','dfe98d58-f606-46f0-afb9-363dfe9a4d3a','2025-06-11 13:52:34'),('d4832e21-9714-4c62-a001-5537258ae7f5','a8d3be01-4d46-41c1-b304-ab98610847e7','f286fc68-33ba-4c5a-98b8-ed7f24f8f59c','68e8e006-79dc-4d5f-aed0-20755d53403b','2025-06-11 14:18:27'),('da1128e3-7ecf-4684-b83c-e87316c57279','9056ee14-242b-4208-a87d-fc59d24d442c','9299c8d0-e0a2-432b-9f96-7334d1f7d276','e5e84800-eb11-4889-bb97-39ea75ef5190','2025-06-11 13:51:17'),('fce1f7e1-ed1b-472c-9563-8c1b66719e22','7693a4aa-75c6-4fa9-b659-321e5f8afd0d','fe0d7430-0c52-4f2b-83d5-37e1e208be07','dfe98d58-f606-46f0-afb9-363dfe9a4d3a','2025-06-11 14:17:33');
/*!40000 ALTER TABLE `department_task_assignments` ENABLE KEYS */;
UNLOCK TABLES;

--
-- Table structure for table `departments`
--

DROP TABLE IF EXISTS `departments`;
/*!40101 SET @saved_cs_client     = @@character_set_client */;
/*!50503 SET character_set_client = utf8mb4 */;
CREATE TABLE `departments` (
  `id` char(36) CHARACTER SET utf8mb4 COLLATE utf8mb4_unicode_ci NOT NULL DEFAULT (uuid()),
  `building_id` char(36) CHARACTER SET utf8mb4 COLLATE utf8mb4_unicode_ci NOT NULL,
  `name` varchar(255) CHARACTER SET utf8mb4 COLLATE utf8mb4_unicode_ci NOT NULL,
  `is_frequent` tinyint(1) DEFAULT '0',
  `created_at` timestamp NULL DEFAULT CURRENT_TIMESTAMP,
  `updated_at` timestamp NULL DEFAULT CURRENT_TIMESTAMP ON UPDATE CURRENT_TIMESTAMP,
  `sort_order` int DEFAULT '0',
  `color` varchar(20) CHARACTER SET utf8mb4 COLLATE utf8mb4_unicode_ci DEFAULT '#CCCCCC',
  PRIMARY KEY (`id`),
  KEY `idx_departments_building_id` (`building_id`),
  CONSTRAINT `departments_ibfk_1` FOREIGN KEY (`building_id`) REFERENCES `buildings` (`id`) ON DELETE CASCADE
) ENGINE=InnoDB DEFAULT CHARSET=utf8mb4 COLLATE=utf8mb4_unicode_ci;
/*!40101 SET character_set_client = @saved_cs_client */;

--
-- Dumping data for table `departments`
--

LOCK TABLES `departments` WRITE;
/*!40000 ALTER TABLE `departments` DISABLE KEYS */;
INSERT INTO `departments` VALUES ('02c59898-fa58-4b51-b446-7f68dfa1bb9e','b4891ac9-bb9c-4c63-977d-038890607b98','Critical Care (ITU)',0,'2025-06-15 08:59:26','2025-06-15 08:59:26',0,'#CCCCCC'),('06582332-0637-4d1a-b86e-876afe0bdc98','23271f2b-4336-4a4a-99a2-49d8d5770cfc','Laundry',0,'2025-05-24 14:33:51','2025-05-28 08:40:46',600,'#CCCCCC'),('06b9e480-8192-4637-be08-07e1755dbd6f','abcc57d8-0d21-47ae-83ba-cb6da7f80425','Bin Store',0,'2025-06-17 18:24:16','2025-06-17 18:24:16',0,'#CCCCCC'),('07e2b454-88ee-4d6a-9d75-a6ffa39bd241','b4891ac9-bb9c-4c63-977d-038890607b98','South Theatres',0,'2025-05-24 14:24:52','2025-05-28 08:40:46',510,'#CCCCCC'),('0a2faff1-cb45-4342-ab0a-ec6fac6649c9','f47ac10b-58cc-4372-a567-0e02b2c3d479','Ward 46',1,'2025-05-24 14:12:08','2025-06-14 08:45:37',380,'#CCCCCC'),('0c84847e-4ec6-4464-9a5c-2a6833604ce0','f47ac10b-58cc-4372-a567-0e02b2c3d479','Ward 44',1,'2025-05-24 14:11:56','2025-06-14 08:45:27',360,'#CCCCCC'),('0ef2ced8-b3f0-4e8d-a468-1b65b6b360f1','69fc7835-337f-4155-946f-e5831a123cbe','Stamford Two',0,'2025-05-24 14:31:53','2025-05-28 08:40:46',560,'#CCCCCC'),('167c7358-aa39-498e-b0b0-bda652b27401','e5f1f6d5-d277-4981-bffa-ff8d8b8c8eef','Mortuary',0,'2025-06-15 13:27:06','2025-06-15 13:27:06',0,'#CCCCCC'),('1831f136-80c5-4b85-9eff-b28610808802','6d6b02c1-69b0-4c81-8df5-516676b1c3f7','Hague Ward',0,'2025-06-14 08:39:43','2025-06-14 08:39:43',0,'#CCCCCC'),('19b02bca-1dc6-4d00-b04d-a7e141a04870','b4891ac9-bb9c-4c63-977d-038890607b98','Plaster Room',0,'2025-05-24 14:10:33','2025-05-28 08:40:46',320,'#CCCCCC'),('1ae5c936-b74c-453e-a614-42b983416e40','f47ac10b-58cc-4372-a567-0e02b2c3d479','Ward 43',1,'2025-05-24 14:11:50','2025-05-28 10:48:51',0,'#CCCCCC'),('1bd33204-7a54-4146-9a82-9344a1ee7b3a','b4891ac9-bb9c-4c63-977d-038890607b98','A+E (ED)',0,'2025-05-24 14:06:24','2025-06-05 04:47:42',170,'#29c7b4'),('1cac53b0-f370-4a13-95ca-f4cfd85dd197','69fc7835-337f-4155-946f-e5831a123cbe','Stamford Ground',0,'2025-05-24 14:32:01','2025-08-08 09:15:11',570,'#CCCCCC'),('23199491-fe75-4c33-9cc8-1c86070cf0d1','e85c40e7-6f29-4e22-9787-6ed289c36429','Maternity Triage',0,'2025-05-24 14:15:20','2025-06-15 09:48:55',450,'#CCCCCC'),('2368699a-6de0-45a9-ae25-dad26160cada','23271f2b-4336-4a4a-99a2-49d8d5770cfc','Porters Lodge',0,'2025-05-24 14:34:08','2025-05-28 08:40:46',620,'#CCCCCC'),('270df887-a13f-4004-a58d-9cec125b8da1','b4891ac9-bb9c-4c63-977d-038890607b98','Kitchens',0,'2025-05-24 14:32:44','2025-05-28 08:40:46',590,'#CCCCCC'),('2aaff65e-ca83-42ce-961f-802b7a0137ab','abcc57d8-0d21-47ae-83ba-cb6da7f80425','Corridor / Other Dept.',0,'2025-06-17 18:25:32','2025-06-17 18:26:38',0,'#CCCCCC'),('2b3bbc1d-13fa-4af2-b23e-1e80c2225370','e85c40e7-6f29-4e22-9787-6ed289c36429','NICU',1,'2025-05-24 11:21:01','2025-05-30 09:35:47',0,'#CCCCCC'),('35c73844-b511-423e-996c-5328ef21fedd','b4891ac9-bb9c-4c63-977d-038890607b98','Clinics A-F',0,'2025-05-24 14:07:15','2025-05-28 08:40:46',210,'#CCCCCC'),('36e599c5-89b2-4d50-b7df-47d5d1959ca4','b4891ac9-bb9c-4c63-977d-038890607b98','Surgical Hub',1,'2025-05-24 14:10:26','2025-06-14 08:44:55',310,'#CCCCCC'),('3a99e4e7-8e55-4362-b4c8-8a051620d478','b4891ac9-bb9c-4c63-977d-038890607b98','Urology',0,'2025-06-18 14:24:36','2025-06-18 14:24:36',0,'#CCCCCC'),('3aa17398-7823-45ae-b76c-9b30d8509ce1','f47ac10b-58cc-4372-a567-0e02b2c3d479','Ward 42',1,'2025-05-24 14:11:16','2025-06-14 08:45:32',10,'#CCCCCC'),('42c2b3ab-f68d-429c-9675-3c79ff0ed222','b4891ac9-bb9c-4c63-977d-038890607b98','Ultrasound',0,'2025-05-24 14:07:04','2025-05-28 08:40:46',200,'#CCCCCC'),('4430a59f-4d77-4b74-9a3c-3f2430620842','abcc57d8-0d21-47ae-83ba-cb6da7f80425','Mattress Store',0,'2025-06-17 18:19:54','2025-06-17 18:19:54',0,'#CCCCCC'),('44f6b74d-f1a9-4097-b99a-b6f78e3f680c','b4891ac9-bb9c-4c63-977d-038890607b98','ISGU',1,'2025-06-15 08:58:51','2025-06-15 08:59:33',0,'#CCCCCC'),('465893b5-6ab8-4776-bdbd-fd3c608ab966','b4891ac9-bb9c-4c63-977d-038890607b98','Swan Room',0,'2025-05-24 14:07:48','2025-05-28 08:40:46',240,'#CCCCCC'),('4c0821a2-dba8-48fe-9b8d-1c1ed6f8edea','20fef7b8-5b9d-40ce-927e-029e707cc9d7','Walkerwood',0,'2025-05-27 14:50:08','2025-05-28 08:40:46',640,'#CCCCCC'),('4d4a725f-876e-449b-a1c6-cd4d6a50a637','b4891ac9-bb9c-4c63-977d-038890607b98','Endoscopy Unit',1,'2025-05-24 14:09:18','2025-06-14 08:44:47',280,'#CCCCCC'),('55f54692-d1ee-4047-bace-ff31744d2bc7','b4891ac9-bb9c-4c63-977d-038890607b98','FM Corridor',0,'2025-05-24 14:32:36','2025-05-28 08:40:46',580,'#CCCCCC'),('569e9211-d394-4e93-ba3e-34ad20d98af4','f47ac10b-58cc-4372-a567-0e02b2c3d479','Ward 45',1,'2025-05-24 14:12:01','2025-06-14 08:45:36',370,'#CCCCCC'),('571553c2-9f8f-4ec0-92ca-5c84f0379d0c','e85c40e7-6f29-4e22-9787-6ed289c36429','Womens Health',1,'2025-05-24 14:14:53','2025-05-30 09:35:47',20,'#CCCCCC'),('5739e53c-a81f-4ee7-9a71-3ffb6e906a5e','b4891ac9-bb9c-4c63-977d-038890607b98','Mattress Store',0,'2025-05-24 14:21:31','2025-05-28 08:40:46',490,'#CCCCCC'),('5bcc07fe-8ec9-43e4-acc5-4b44799cda03','b4891ac9-bb9c-4c63-977d-038890607b98','CT Scan',0,'2025-05-24 14:25:11','2025-06-05 05:11:51',520,'#bd2e73'),('60c6f384-09d7-4ec8-bc90-b72fe1d82af9','e85c40e7-6f29-4e22-9787-6ed289c36429','Switch',0,'2025-05-24 14:13:28','2025-05-28 08:40:46',410,'#CCCCCC'),('6d2fec2e-7a59-4a30-97e9-03c9f4672eea','e85c40e7-6f29-4e22-9787-6ed289c36429','Ward 27',1,'2025-05-24 14:04:57','2025-05-30 09:35:47',10,'#CCCCCC'),('6dc82d06-d4d2-4824-9a83-d89b583b7554','b4891ac9-bb9c-4c63-977d-038890607b98','SDEC',0,'2025-05-24 14:05:54','2025-05-28 08:40:46',150,'#CCCCCC'),('7295def1-1827-46dc-a443-a7aa7bf85b52','b4891ac9-bb9c-4c63-977d-038890607b98','Yellow Suite',0,'2025-05-24 14:07:28','2025-05-28 08:40:46',220,'#CCCCCC'),('74c28939-9217-4340-88dd-ba5667fd1b5a','6d6b02c1-69b0-4c81-8df5-516676b1c3f7','Saxon',0,'2025-06-14 08:37:31','2025-06-14 08:37:31',0,'#CCCCCC'),('76753b4b-ae1e-4477-a042-8deaab558e7b','b4891ac9-bb9c-4c63-977d-038890607b98','Discharge Lounge',0,'2025-05-24 14:11:41','2025-05-28 08:40:46',340,'#CCCCCC'),('7693a4aa-75c6-4fa9-b659-321e5f8afd0d','b4891ac9-bb9c-4c63-977d-038890607b98','Day Surgery',1,'2025-05-24 14:09:07','2025-06-14 08:44:38',270,'#CCCCCC'),('7babbb12-15f9-4483-8b05-61220ed37167','699f7c00-ccb9-4e57-886d-a9d09d246fc4','Taylor Ward',0,'2025-06-14 08:37:53','2025-06-14 08:37:53',0,'#CCCCCC'),('7d18efe7-8c7e-4a6d-a77a-ee75c903bc63','699f7c00-ccb9-4e57-886d-a9d09d246fc4','Tatton',0,'2025-06-14 08:35:22','2025-06-14 08:35:22',0,'#CCCCCC'),('7ff7d76d-3fe2-4ec9-baed-39c59cfa14e7','abcc57d8-0d21-47ae-83ba-cb6da7f80425','Bed store',0,'2025-06-17 18:19:40','2025-06-17 18:19:40',0,'#CCCCCC'),('81c30d93-8712-405c-ac5e-509d48fd9af9','b4891ac9-bb9c-4c63-977d-038890607b98','AMU',1,'2025-05-23 13:37:08','2025-06-14 08:44:27',10,'#e1c84c'),('8269f3d0-fb22-415c-b235-7cf00c96f3b9','b4891ac9-bb9c-4c63-977d-038890607b98','XRay Lower Ground Floor',0,'2025-05-24 14:06:52','2025-06-05 05:10:38',190,'#bd2e73'),('831035d1-93e9-4683-af25-b40c2332b2fe','b4891ac9-bb9c-4c63-977d-038890607b98','EOU',1,'2025-05-22 09:41:19','2025-05-30 09:36:52',50,'#CCCCCC'),('87a21a43-fe29-448f-9c08-b4d94226ad3f','d4d0bf79-eb71-477e-9d06-03159039e425','Infection Control',0,'2025-05-24 14:13:13','2025-05-28 08:40:46',400,'#CCCCCC'),('8a02eaa0-61c8-4c3c-846a-d723e27cd408','b4891ac9-bb9c-4c63-977d-038890607b98','IAU',1,'2025-05-24 14:05:47','2025-06-14 08:44:50',140,'#CCCCCC'),('8a58923e-5de7-46af-9e38-0cb4f266f728','6d6b02c1-69b0-4c81-8df5-516676b1c3f7','Summers',0,'2025-06-14 08:39:06','2025-06-14 08:39:06',0,'#CCCCCC'),('9056ee14-242b-4208-a87d-fc59d24d442c','d4d0bf79-eb71-477e-9d06-03159039e425','Pathology Lab',0,'2025-05-24 11:20:41','2025-05-28 08:40:46',70,'#CCCCCC'),('90aad46b-f52f-4c04-9e84-f38d82ba7387','abcc57d8-0d21-47ae-83ba-cb6da7f80425','General Stores',0,'2025-06-25 19:21:26','2025-06-25 19:21:26',0,'#CCCCCC'),('943915e4-6818-4890-b395-a8272718eaf7','69fc7835-337f-4155-946f-e5831a123cbe','Stamford One',0,'2025-05-24 14:31:44','2025-05-28 08:40:46',550,'#CCCCCC'),('9547f487-ef9c-4c1a-8bf9-9e423e32489d','e85c40e7-6f29-4e22-9787-6ed289c36429','Ward 30 (HCU)',1,'2025-05-24 14:05:27','2025-05-30 09:35:47',30,'#CCCCCC'),('969a27a7-f5e5-4c23-b018-128aa2000b97','b4891ac9-bb9c-4c63-977d-038890607b98','Bed Store',0,'2025-05-24 14:21:21','2025-06-14 08:44:24',480,'#CCCCCC'),('99d8db21-2c14-4f8f-8e54-54fc81004997','e5f1f6d5-d277-4981-bffa-ff8d8b8c8eef','Rose Cottage',0,'2025-05-24 14:12:50','2025-05-28 08:40:46',390,'#CCCCCC'),('9dae2f86-2058-4c9c-a428-76f5648553d3','b4891ac9-bb9c-4c63-977d-038890607b98','North Theatres',0,'2025-05-24 14:24:43','2025-08-08 09:10:21',500,'#CCCCCC'),('a189c856-581e-4d86-9dc2-de6995be4a3a','b4891ac9-bb9c-4c63-977d-038890607b98','ACU',0,'2025-06-15 15:14:57','2025-06-15 15:14:57',0,'#CCCCCC'),('a2ef9aed-a412-42fc-9ca1-b8e571aa9da0','e85c40e7-6f29-4e22-9787-6ed289c36429','CDS (Acorn Birth Centre)',1,'2025-05-24 14:14:22','2025-06-11 12:42:09',430,'#CCCCCC'),('a8d3be01-4d46-41c1-b304-ab98610847e7','b4891ac9-bb9c-4c63-977d-038890607b98','Vasular Studies',1,'2025-05-24 14:06:04','2025-05-30 09:37:13',160,'#CCCCCC'),('ac2333d2-0b37-4924-a039-478caf702fbd','b4891ac9-bb9c-4c63-977d-038890607b98','Children\'s O+A',0,'2025-05-24 14:08:31','2025-05-28 08:40:46',260,'#CCCCCC'),('bcb9ab4c-88c9-4d90-8b10-d97216de49ed','d4d0bf79-eb71-477e-9d06-03159039e425','Transfusion',0,'2025-05-24 14:20:33','2025-05-28 08:40:46',470,'#CCCCCC'),('bf03ffcf-98d7-440e-adc1-5081e161c42d','23271f2b-4336-4a4a-99a2-49d8d5770cfc','I.T.',0,'2025-05-24 14:33:58','2025-05-28 08:40:46',610,'#CCCCCC'),('c06cd3c4-8993-4e7b-b198-a7fda4ede658','e85c40e7-6f29-4e22-9787-6ed289c36429','Estates Management',0,'2025-05-24 14:13:37','2025-05-28 08:40:46',420,'#CCCCCC'),('c0a07de6-b201-441b-a1fb-2b2ae9a95ac1','f47ac10b-58cc-4372-a567-0e02b2c3d481','Reception',0,'2025-05-24 14:16:22','2025-05-28 08:40:46',460,'#CCCCCC'),('c24a3784-6a06-469f-a764-49621f2d88d3','e85c40e7-6f29-4e22-9787-6ed289c36429','Ward 31',1,'2025-05-24 14:05:37','2025-05-30 09:35:47',40,'#CCCCCC'),('c487a171-dafb-430c-9ef9-b7f8964d7fa6','b4891ac9-bb9c-4c63-977d-038890607b98','POU',1,'2025-05-24 14:09:38','2025-06-14 08:46:42',290,'#CCCCCC'),('ccb6bf8f-275c-4d24-8907-09b97cbe0eea','e02f0b82-4bfc-4579-911a-ec20d4dbbf30','Renal',0,'2025-05-24 14:34:29','2025-05-28 08:40:46',630,'#CCCCCC'),('d213240b-3564-467a-9c2e-465bf4affe6a','abcc57d8-0d21-47ae-83ba-cb6da7f80425','Gas Store',0,'2025-06-17 18:20:08','2025-06-17 18:20:08',0,'#CCCCCC'),('d82e747e-5e94-44cb-9fd6-2ab98f4c3f53','b4891ac9-bb9c-4c63-977d-038890607b98','MRI',0,'2025-05-24 14:25:17','2025-05-28 08:40:46',530,'#CCCCCC'),('dc20fd05-19b3-4874-9d2a-a7c6e24c8b45','b4891ac9-bb9c-4c63-977d-038890607b98','Children\'s Unit',0,'2025-05-24 14:08:16','2025-05-30 09:36:43',0,'#CCCCCC'),('df3d8d2a-dee5-4a21-a362-401236a2a1cb','b4891ac9-bb9c-4c63-977d-038890607b98','Pharmacy',0,'2025-05-24 14:30:29','2025-05-28 08:40:46',540,'#CCCCCC'),('f47ac10b-58cc-4372-a567-0e02b2c3d483','f47ac10b-58cc-4372-a567-0e02b2c3d479','Ward 41',1,'2025-05-22 09:30:31','2025-05-28 11:25:54',10,'#CCCCCC'),('f47ac10b-58cc-4372-a567-0e02b2c3d484','f47ac10b-58cc-4372-a567-0e02b2c3d479','Ward 40',1,'2025-05-22 09:30:31','2025-06-14 08:45:33',20,'#CCCCCC'),('f47ac10b-58cc-4372-a567-0e02b2c3d487','f47ac10b-58cc-4372-a567-0e02b2c3d481','Library',0,'2025-05-22 09:30:31','2025-05-28 08:40:46',30,'#CCCCCC'),('f7525622-cd84-4c8c-94bf-b0428008b9c3','b4891ac9-bb9c-4c63-977d-038890607b98','Frailty',0,'2025-05-24 14:10:12','2025-05-28 08:40:46',300,'#CCCCCC'),('f7c99832-60d1-42ee-8d35-0620a38f1e5d','b4891ac9-bb9c-4c63-977d-038890607b98','Blue Suite',0,'2025-05-24 14:07:36','2025-05-28 08:40:46',230,'#CCCCCC'),('f9d3bbce-8644-4075-8b80-457777f6d16c','b4891ac9-bb9c-4c63-977d-038890607b98','XRay Ground Floor',0,'2025-05-24 14:06:40','2025-06-05 05:09:41',180,'#bd2e73'),('fa9e4d42-8282-42f8-bfd4-87691e20c7ed','e85c40e7-6f29-4e22-9787-6ed289c36429','Labour Ward',0,'2025-05-24 14:05:14','2025-05-28 08:40:46',110,'#CCCCCC');
/*!40000 ALTER TABLE `departments` ENABLE KEYS */;
UNLOCK TABLES;

--
-- Table structure for table `porter_absences`
--

DROP TABLE IF EXISTS `porter_absences`;
/*!40101 SET @saved_cs_client     = @@character_set_client */;
/*!50503 SET character_set_client = utf8mb4 */;
CREATE TABLE `porter_absences` (
  `id` char(36) CHARACTER SET utf8mb4 COLLATE utf8mb4_unicode_ci NOT NULL DEFAULT (uuid()),
  `porter_id` char(36) CHARACTER SET utf8mb4 COLLATE utf8mb4_unicode_ci NOT NULL,
  `absence_type` varchar(50) CHARACTER SET utf8mb4 COLLATE utf8mb4_unicode_ci NOT NULL,
  `start_date` date NOT NULL,
  `end_date` date NOT NULL,
  `created_at` timestamp NULL DEFAULT CURRENT_TIMESTAMP,
  `updated_at` timestamp NULL DEFAULT CURRENT_TIMESTAMP ON UPDATE CURRENT_TIMESTAMP,
  `notes` text CHARACTER SET utf8mb4 COLLATE utf8mb4_unicode_ci,
  PRIMARY KEY (`id`),
  KEY `idx_porter_absences_porter_id` (`porter_id`),
  KEY `idx_porter_absences_dates` (`start_date`,`end_date`),
  CONSTRAINT `porter_absences_ibfk_1` FOREIGN KEY (`porter_id`) REFERENCES `staff` (`id`) ON DELETE CASCADE
) ENGINE=InnoDB DEFAULT CHARSET=utf8mb4 COLLATE=utf8mb4_unicode_ci;
/*!40101 SET character_set_client = @saved_cs_client */;

--
-- Dumping data for table `porter_absences`
--

LOCK TABLES `porter_absences` WRITE;
/*!40000 ALTER TABLE `porter_absences` DISABLE KEYS */;
INSERT INTO `porter_absences` VALUES ('0269ce02-1315-42eb-843c-102a6ae52d14','3316eda6-d5f5-445f-8721-b8c42e18d89c','illness','2025-06-03','2025-06-04','2025-06-03 16:11:48','2025-06-03 16:11:48',''),('39946668-fb64-46dc-ade9-3e4e63482372','7884c45a-823f-48c9-a4d4-fd2ad426f144','illness','2025-06-03','2025-06-10','2025-06-03 14:55:03','2025-06-03 14:55:03',''),('4fb85cec-3dd5-445f-a301-21e82d5867dc','2e74429e-2aab-4bed-a979-6ccbdef74596','annual_leave','2025-06-03','2025-06-05','2025-06-03 15:19:50','2025-06-03 15:19:50','Test'),('5b3ce846-6af6-4dfc-acf1-acd93b53573b','ac5427be-ea01-4f42-9c46-17e2f089dee8','illness','2025-06-04','2025-06-05','2025-06-03 16:46:25','2025-06-03 16:46:25',''),('cd529b26-bdbf-4d1a-bd45-bb39862f6f8a','296edb55-91eb-4d73-aa43-54840cbbf20c','annual_leave','2025-06-03','2025-06-06','2025-06-03 15:46:24','2025-06-03 15:46:24','Test 2');
/*!40000 ALTER TABLE `porter_absences` ENABLE KEYS */;
UNLOCK TABLES;

--
-- Table structure for table `shift_area_cover_assignments`
--

DROP TABLE IF EXISTS `shift_area_cover_assignments`;
/*!40101 SET @saved_cs_client     = @@character_set_client */;
/*!50503 SET character_set_client = utf8mb4 */;
CREATE TABLE `shift_area_cover_assignments` (
  `id` char(36) CHARACTER SET utf8mb4 COLLATE utf8mb4_unicode_ci NOT NULL DEFAULT (uuid()),
  `shift_id` char(36) CHARACTER SET utf8mb4 COLLATE utf8mb4_unicode_ci NOT NULL,
  `department_id` char(36) CHARACTER SET utf8mb4 COLLATE utf8mb4_unicode_ci NOT NULL,
  `start_time` time DEFAULT '08:00:00',
  `end_time` time DEFAULT '16:00:00',
  `color` varchar(20) CHARACTER SET utf8mb4 COLLATE utf8mb4_unicode_ci DEFAULT '#4285F4',
  `created_at` timestamp NULL DEFAULT CURRENT_TIMESTAMP,
  `updated_at` timestamp NULL DEFAULT CURRENT_TIMESTAMP ON UPDATE CURRENT_TIMESTAMP,
  `minimum_porters` int DEFAULT '1',
  `minimum_porters_mon` int DEFAULT '1',
  `minimum_porters_tue` int DEFAULT '1',
  `minimum_porters_wed` int DEFAULT '1',
  `minimum_porters_thu` int DEFAULT '1',
  `minimum_porters_fri` int DEFAULT '1',
  `minimum_porters_sat` int DEFAULT '1',
  `minimum_porters_sun` int DEFAULT '1',
  PRIMARY KEY (`id`),
  UNIQUE KEY `unique_shift_department` (`shift_id`,`department_id`),
  KEY `idx_shift_area_cover_shift_id` (`shift_id`),
  KEY `idx_shift_area_cover_dept_id` (`department_id`),
  CONSTRAINT `shift_area_cover_assignments_ibfk_1` FOREIGN KEY (`shift_id`) REFERENCES `shifts` (`id`) ON DELETE CASCADE,
  CONSTRAINT `shift_area_cover_assignments_ibfk_2` FOREIGN KEY (`department_id`) REFERENCES `departments` (`id`) ON DELETE CASCADE
) ENGINE=InnoDB DEFAULT CHARSET=utf8mb4 COLLATE=utf8mb4_unicode_ci;
/*!40101 SET character_set_client = @saved_cs_client */;

--
-- Dumping data for table `shift_area_cover_assignments`
--

LOCK TABLES `shift_area_cover_assignments` WRITE;
/*!40000 ALTER TABLE `shift_area_cover_assignments` DISABLE KEYS */;
INSERT INTO `shift_area_cover_assignments` VALUES ('010de906-6652-4138-b15f-2e046c75d156','ce859bcc-7e2f-49db-b33a-886cc6fbf60c','1bd33204-7a54-4146-9a82-9344a1ee7b3a','08:00:00','20:00:00','#4285F4','2025-06-30 15:08:06','2025-06-30 15:08:06',1,1,1,1,1,1,1,1),('01b11121-09a9-4626-9b2d-7879bc28c98e','328a65bd-ef90-40ed-9e57-d46dec2374ed','8269f3d0-fb22-415c-b235-7cf00c96f3b9','08:00:00','20:00:00','#4285F4','2025-07-02 06:27:31','2025-07-02 06:27:31',1,1,1,1,1,1,1,1),('0277a132-3689-4f80-ba68-31cd9280b22b','06771608-e3ce-4212-bf21-f956fd68dc04','1bd33204-7a54-4146-9a82-9344a1ee7b3a','08:00:00','20:00:00','#4285F4','2025-06-30 15:34:38','2025-06-30 15:34:38',1,1,1,1,1,1,1,1),('031c9a98-7ec5-42bc-b93a-fb48634309bf','ce859bcc-7e2f-49db-b33a-886cc6fbf60c','f9d3bbce-8644-4075-8b80-457777f6d16c','08:00:00','20:00:00','#4285F4','2025-06-30 15:08:06','2025-06-30 15:08:06',2,2,2,2,2,2,2,2),('0406149a-875c-4dbb-821c-841c2a6ea72f','06771608-e3ce-4212-bf21-f956fd68dc04','f9d3bbce-8644-4075-8b80-457777f6d16c','08:00:00','20:00:00','#4285F4','2025-06-30 15:34:38','2025-06-30 15:34:38',2,2,2,2,2,2,2,2),('06aea069-0c7d-4bb2-ae83-e400c8f21670','9ecdca87-4206-416b-9b84-f0b83cae1fad','1bd33204-7a54-4146-9a82-9344a1ee7b3a','20:00:00','08:00:00','#4285F4','2025-06-25 17:06:30','2025-06-25 17:06:30',1,1,1,1,1,1,1,1),('073d8bd2-b944-493e-8d40-fbd6db4dda45','b27a3c52-9cbb-45ae-8df4-06df132ce3ce','8269f3d0-fb22-415c-b235-7cf00c96f3b9','08:00:00','20:00:00','#4285F4','2025-07-03 03:48:32','2025-07-03 03:48:32',1,1,1,1,1,1,1,1),('0a7d8a0b-7465-11f0-adec-ea5dc1f3f876','0a7722a9-7465-11f0-adec-ea5dc1f3f876','81c30d93-8712-405c-ac5e-509d48fd9af9','08:00:00','20:00:00','#4285F4','2025-08-08 13:36:17','2025-08-08 13:36:17',1,1,1,1,1,1,1,1),('0a7f8b18-7465-11f0-adec-ea5dc1f3f876','0a7722a9-7465-11f0-adec-ea5dc1f3f876','8269f3d0-fb22-415c-b235-7cf00c96f3b9','08:00:00','20:00:00','#4285F4','2025-08-08 13:36:17','2025-08-08 13:36:17',1,1,1,1,1,1,1,1),('0a82f438-7465-11f0-adec-ea5dc1f3f876','0a7722a9-7465-11f0-adec-ea5dc1f3f876','f9d3bbce-8644-4075-8b80-457777f6d16c','08:00:00','20:00:00','#4285F4','2025-08-08 13:36:17','2025-08-08 13:36:17',2,2,2,2,2,2,2,2),('0a88085f-7465-11f0-adec-ea5dc1f3f876','0a7722a9-7465-11f0-adec-ea5dc1f3f876','5bcc07fe-8ec9-43e4-acc5-4b44799cda03','08:00:00','20:00:00','#4285F4','2025-08-08 13:36:17','2025-08-08 13:36:17',1,1,1,1,1,1,1,1),('0a8e6dc1-7465-11f0-adec-ea5dc1f3f876','0a7722a9-7465-11f0-adec-ea5dc1f3f876','1bd33204-7a54-4146-9a82-9344a1ee7b3a','08:00:00','20:00:00','#4285F4','2025-08-08 13:36:17','2025-08-08 13:36:17',1,1,1,1,1,1,1,1),('0d7305ce-e12f-43db-a3cb-d1993a99a748','aedb6287-c44a-4f2e-8d40-1a32a98d307d','1bd33204-7a54-4146-9a82-9344a1ee7b3a','08:00:00','20:00:00','#4285F4','2025-06-30 14:44:04','2025-06-30 14:44:04',1,1,1,1,1,1,1,1),('1c9c1921-633d-443e-8de1-cec3fa8b7da6','8db2d484-414b-45b8-ab66-22ed95892d17','1bd33204-7a54-4146-9a82-9344a1ee7b3a','08:00:00','20:00:00','#4285F4','2025-06-30 14:58:52','2025-06-30 14:58:52',1,1,1,1,1,1,1,1),('21d293f6-1225-4060-b0f6-76e132066471','328a65bd-ef90-40ed-9e57-d46dec2374ed','81c30d93-8712-405c-ac5e-509d48fd9af9','08:00:00','20:00:00','#4285F4','2025-07-02 06:27:31','2025-07-02 06:27:31',1,1,1,1,1,1,1,1),('28abf04d-7469-11f0-adec-ea5dc1f3f876','289a1de2-7469-11f0-adec-ea5dc1f3f876','81c30d93-8712-405c-ac5e-509d48fd9af9','08:00:00','20:00:00','#4285F4','2025-08-08 14:05:45','2025-08-08 14:05:45',1,1,1,1,1,1,1,1),('28af3c61-7469-11f0-adec-ea5dc1f3f876','289a1de2-7469-11f0-adec-ea5dc1f3f876','8269f3d0-fb22-415c-b235-7cf00c96f3b9','08:00:00','20:00:00','#4285F4','2025-08-08 14:05:45','2025-08-08 14:05:45',1,1,1,1,1,1,1,1),('28b68517-7469-11f0-adec-ea5dc1f3f876','289a1de2-7469-11f0-adec-ea5dc1f3f876','f9d3bbce-8644-4075-8b80-457777f6d16c','08:00:00','20:00:00','#4285F4','2025-08-08 14:05:45','2025-08-08 14:05:45',2,2,2,2,2,2,2,2),('28bd6595-7469-11f0-adec-ea5dc1f3f876','289a1de2-7469-11f0-adec-ea5dc1f3f876','5bcc07fe-8ec9-43e4-acc5-4b44799cda03','08:00:00','20:00:00','#4285F4','2025-08-08 14:05:45','2025-08-08 14:05:45',1,1,1,1,1,1,1,1),('28c4dbfa-7469-11f0-adec-ea5dc1f3f876','289a1de2-7469-11f0-adec-ea5dc1f3f876','1bd33204-7a54-4146-9a82-9344a1ee7b3a','08:00:00','20:00:00','#4285F4','2025-08-08 14:05:45','2025-08-08 14:05:45',1,1,1,1,1,1,1,1),('295e316f-7465-11f0-adec-ea5dc1f3f876','2956d476-7465-11f0-adec-ea5dc1f3f876','81c30d93-8712-405c-ac5e-509d48fd9af9','08:00:00','20:00:00','#4285F4','2025-08-08 13:37:08','2025-08-08 13:37:08',1,1,1,1,1,1,1,1),('295fca8b-7465-11f0-adec-ea5dc1f3f876','2956d476-7465-11f0-adec-ea5dc1f3f876','8269f3d0-fb22-415c-b235-7cf00c96f3b9','08:00:00','20:00:00','#4285F4','2025-08-08 13:37:08','2025-08-08 13:37:08',1,1,1,1,1,1,1,1),('2963205c-7465-11f0-adec-ea5dc1f3f876','2956d476-7465-11f0-adec-ea5dc1f3f876','f9d3bbce-8644-4075-8b80-457777f6d16c','08:00:00','20:00:00','#4285F4','2025-08-08 13:37:08','2025-08-08 13:37:08',2,2,2,2,2,2,2,2),('29680910-7465-11f0-adec-ea5dc1f3f876','2956d476-7465-11f0-adec-ea5dc1f3f876','5bcc07fe-8ec9-43e4-acc5-4b44799cda03','08:00:00','20:00:00','#4285F4','2025-08-08 13:37:08','2025-08-08 13:37:08',1,1,1,1,1,1,1,1),('2970c040-7465-11f0-adec-ea5dc1f3f876','2956d476-7465-11f0-adec-ea5dc1f3f876','1bd33204-7a54-4146-9a82-9344a1ee7b3a','08:00:00','20:00:00','#4285F4','2025-08-08 13:37:08','2025-08-08 13:37:08',1,1,1,1,1,1,1,1),('2f32041f-2af6-4b0a-b220-d58adf1f4e3b','cc307153-0727-4d65-a47f-c8c3d007e1af','8269f3d0-fb22-415c-b235-7cf00c96f3b9','20:00:00','08:00:00','#4285F4','2025-06-25 01:17:00','2025-06-25 01:17:00',1,1,1,1,1,1,1,1),('2f77e2c0-7644-4f60-ab08-54eb257fd9ad','b27a3c52-9cbb-45ae-8df4-06df132ce3ce','81c30d93-8712-405c-ac5e-509d48fd9af9','08:00:00','20:00:00','#4285F4','2025-07-03 03:48:32','2025-07-03 03:48:32',1,1,1,1,1,1,1,1),('34979b8a-3267-437e-9414-381c076161c5','e9a460ec-bd19-4176-a315-6633f200add7','1bd33204-7a54-4146-9a82-9344a1ee7b3a','20:00:00','08:00:00','#4285F4','2025-06-25 00:01:33','2025-06-25 00:01:33',1,1,1,1,1,1,1,1),('37fdf8a0-bb8e-428d-81b6-980952cfa427','79dddcc3-f55f-495c-882c-2723d518248a','1bd33204-7a54-4146-9a82-9344a1ee7b3a','20:00:00','08:00:00','#4285F4','2025-06-26 21:11:54','2025-06-26 21:11:54',1,1,1,1,1,1,1,1),('3fbc232d-aba4-4e94-9f4b-0af5d0b873fb','ce859bcc-7e2f-49db-b33a-886cc6fbf60c','8269f3d0-fb22-415c-b235-7cf00c96f3b9','08:00:00','20:00:00','#4285F4','2025-06-30 15:08:06','2025-06-30 15:08:06',1,1,1,1,1,1,1,1),('4478024f-89d9-4bc9-9f9a-d6e5bafbc074','b27a3c52-9cbb-45ae-8df4-06df132ce3ce','1bd33204-7a54-4146-9a82-9344a1ee7b3a','08:00:00','20:00:00','#4285F4','2025-07-03 03:48:32','2025-07-03 03:48:32',1,1,1,1,1,1,1,1),('4df4bfb3-5a14-4403-99e9-b14eaa343594','8db2d484-414b-45b8-ab66-22ed95892d17','f9d3bbce-8644-4075-8b80-457777f6d16c','08:00:00','20:00:00','#4285F4','2025-06-30 14:58:52','2025-06-30 14:58:52',2,2,2,2,2,2,2,2),('4e05117c-0bb0-49a2-879c-94627e94b152','8fe5a7d8-8bf9-468d-8afd-6f50443fcf8b','1bd33204-7a54-4146-9a82-9344a1ee7b3a','08:00:00','20:00:00','#4285F4','2025-07-04 06:27:39','2025-07-04 06:27:39',1,1,1,1,1,1,1,1),('4e8cb4f2-8a86-4261-b994-90c31e881cc3','8db2d484-414b-45b8-ab66-22ed95892d17','5bcc07fe-8ec9-43e4-acc5-4b44799cda03','08:00:00','20:00:00','#4285F4','2025-06-30 14:58:52','2025-06-30 14:58:52',1,1,1,1,1,1,1,1),('57b31cef-1f1b-43e9-ac07-925d82895166','328a65bd-ef90-40ed-9e57-d46dec2374ed','1bd33204-7a54-4146-9a82-9344a1ee7b3a','08:00:00','20:00:00','#4285F4','2025-07-02 06:27:31','2025-07-02 06:27:31',1,1,1,1,1,1,1,1),('57de54c0-b0de-4e40-9b21-99cb2845d94b','8db2d484-414b-45b8-ab66-22ed95892d17','81c30d93-8712-405c-ac5e-509d48fd9af9','08:00:00','20:00:00','#4285F4','2025-06-30 14:58:52','2025-06-30 14:58:52',1,1,1,1,1,1,1,1),('58e2ce95-e2e1-4a0e-8ddd-c4b83fc9be61','8fe5a7d8-8bf9-468d-8afd-6f50443fcf8b','f9d3bbce-8644-4075-8b80-457777f6d16c','08:00:00','20:00:00','#4285F4','2025-07-04 06:27:39','2025-07-04 06:27:39',2,2,2,2,2,2,2,2),('623532dd-32fd-434c-9573-edc5ec825559','b7378cab-ab71-4158-a44e-e5724703aa11','8269f3d0-fb22-415c-b235-7cf00c96f3b9','20:00:00','08:00:00','#4285F4','2025-06-26 18:04:15','2025-06-26 18:04:15',1,1,1,1,1,1,1,1),('74447f56-9e5d-4e96-880c-d9e958998647','ce859bcc-7e2f-49db-b33a-886cc6fbf60c','5bcc07fe-8ec9-43e4-acc5-4b44799cda03','08:00:00','20:00:00','#4285F4','2025-06-30 15:08:06','2025-06-30 15:08:06',1,1,1,1,1,1,1,1),('787fd595-203c-4bdf-9b3e-71f6e3a8ff77','b7378cab-ab71-4158-a44e-e5724703aa11','1bd33204-7a54-4146-9a82-9344a1ee7b3a','20:00:00','08:00:00','#4285F4','2025-06-26 18:04:15','2025-06-26 18:04:15',1,1,1,1,1,1,1,1),('7d53476e-298e-46f0-8b57-9b5cb7e9aeee','8fe5a7d8-8bf9-468d-8afd-6f50443fcf8b','8269f3d0-fb22-415c-b235-7cf00c96f3b9','08:00:00','20:00:00','#4285F4','2025-07-04 06:27:39','2025-07-04 06:27:39',1,1,1,1,1,1,1,1),('7f2ebbb9-ef80-4779-84ac-ac64518bc823','e9a460ec-bd19-4176-a315-6633f200add7','8269f3d0-fb22-415c-b235-7cf00c96f3b9','20:00:00','08:00:00','#4285F4','2025-06-25 00:01:33','2025-06-25 00:01:33',1,1,1,1,1,1,1,1),('88f8a74f-58f3-4c5b-b7b3-9bf495fb1ab9','328a65bd-ef90-40ed-9e57-d46dec2374ed','f9d3bbce-8644-4075-8b80-457777f6d16c','08:00:00','20:00:00','#4285F4','2025-07-02 06:27:31','2025-07-02 06:27:31',2,2,2,2,2,2,2,2),('899fc701-7bc6-4cb5-9bfb-874acfb3ebf4','ae70fc9f-4831-45be-a314-1ef6cc5cc1ba','8269f3d0-fb22-415c-b235-7cf00c96f3b9','20:00:00','08:00:00','#4285F4','2025-06-25 01:14:42','2025-06-25 01:14:42',1,1,1,1,1,1,1,1),('8c1fb9ae-4704-4ac8-b9c2-54f882008829','79dddcc3-f55f-495c-882c-2723d518248a','8269f3d0-fb22-415c-b235-7cf00c96f3b9','20:00:00','08:00:00','#4285F4','2025-06-26 21:11:54','2025-06-26 21:11:54',1,1,1,1,1,1,1,1),('8c35b7de-1323-495a-ba2f-6c6063c70229','8fe5a7d8-8bf9-468d-8afd-6f50443fcf8b','81c30d93-8712-405c-ac5e-509d48fd9af9','08:00:00','20:00:00','#4285F4','2025-07-04 06:27:39','2025-07-04 06:27:39',1,1,1,1,1,1,1,1),('932b6f5e-5c59-4d7c-8d67-84d44c21e90d','8db2d484-414b-45b8-ab66-22ed95892d17','8269f3d0-fb22-415c-b235-7cf00c96f3b9','08:00:00','20:00:00','#4285F4','2025-06-30 14:58:52','2025-06-30 14:58:52',1,1,1,1,1,1,1,1),('94fbeae4-2c56-4228-b9e1-ef9989a0f49f','ae70fc9f-4831-45be-a314-1ef6cc5cc1ba','1bd33204-7a54-4146-9a82-9344a1ee7b3a','20:00:00','08:00:00','#4285F4','2025-06-25 01:14:42','2025-06-25 01:14:42',1,1,1,1,1,1,1,1),('a3632ca6-4bac-4752-88b9-159ba1b6a037','06771608-e3ce-4212-bf21-f956fd68dc04','5bcc07fe-8ec9-43e4-acc5-4b44799cda03','08:00:00','20:00:00','#4285F4','2025-06-30 15:34:38','2025-06-30 15:34:38',1,1,1,1,1,1,1,1),('a65ffd16-e21d-4565-8fb1-2085f54e1353','d2fb94a3-ffa9-4696-975a-b74d27927c23','1bd33204-7a54-4146-9a82-9344a1ee7b3a','20:00:00','08:00:00','#4285F4','2025-06-25 00:39:25','2025-06-25 00:39:25',1,1,1,1,1,1,1,1),('ac9acee0-c328-4976-9628-bf1a8c9d4fcf','8e9345bb-939b-4ef8-a3ce-a35e396b921d','1bd33204-7a54-4146-9a82-9344a1ee7b3a','20:00:00','08:00:00','#4285F4','2025-06-24 20:47:25','2025-06-24 20:47:25',1,1,1,1,1,1,1,1),('b1d1d05a-41f9-46dc-9672-73978db7f61f','d5bed006-83c4-4b75-8c23-1903df2f7324','1bd33204-7a54-4146-9a82-9344a1ee7b3a','20:00:00','08:00:00','#4285F4','2025-06-26 17:56:28','2025-06-26 17:56:28',1,1,1,1,1,1,1,1),('c1651a25-7465-11f0-adec-ea5dc1f3f876','c15de0d5-7465-11f0-adec-ea5dc1f3f876','81c30d93-8712-405c-ac5e-509d48fd9af9','08:00:00','20:00:00','#4285F4','2025-08-08 13:41:23','2025-08-08 13:41:23',1,1,1,1,1,1,1,1),('c166ccd1-7465-11f0-adec-ea5dc1f3f876','c15de0d5-7465-11f0-adec-ea5dc1f3f876','8269f3d0-fb22-415c-b235-7cf00c96f3b9','08:00:00','20:00:00','#4285F4','2025-08-08 13:41:23','2025-08-08 13:41:23',1,1,1,1,1,1,1,1),('c169dd2b-7465-11f0-adec-ea5dc1f3f876','c15de0d5-7465-11f0-adec-ea5dc1f3f876','f9d3bbce-8644-4075-8b80-457777f6d16c','08:00:00','20:00:00','#4285F4','2025-08-08 13:41:23','2025-08-08 13:41:23',2,2,2,2,2,2,2,2),('c16c6883-7465-11f0-adec-ea5dc1f3f876','c15de0d5-7465-11f0-adec-ea5dc1f3f876','5bcc07fe-8ec9-43e4-acc5-4b44799cda03','08:00:00','20:00:00','#4285F4','2025-08-08 13:41:23','2025-08-08 13:41:23',1,1,1,1,1,1,1,1),('c16ed9f1-7465-11f0-adec-ea5dc1f3f876','c15de0d5-7465-11f0-adec-ea5dc1f3f876','1bd33204-7a54-4146-9a82-9344a1ee7b3a','08:00:00','20:00:00','#4285F4','2025-08-08 13:41:23','2025-08-08 13:41:23',1,1,1,1,1,1,1,1),('c39a0ad6-131d-4c64-8d9c-b4e672a4d612','328a65bd-ef90-40ed-9e57-d46dec2374ed','5bcc07fe-8ec9-43e4-acc5-4b44799cda03','08:00:00','20:00:00','#4285F4','2025-07-02 06:27:31','2025-07-02 06:27:31',1,1,1,1,1,1,1,1),('c5dd6b7e-746a-11f0-adec-ea5dc1f3f876','c5d801a6-746a-11f0-adec-ea5dc1f3f876','81c30d93-8712-405c-ac5e-509d48fd9af9','08:00:00','20:00:00','#4285F4','2025-08-08 14:17:18','2025-08-08 14:17:18',1,1,1,1,1,1,1,1),('c5de3299-746a-11f0-adec-ea5dc1f3f876','c5d801a6-746a-11f0-adec-ea5dc1f3f876','8269f3d0-fb22-415c-b235-7cf00c96f3b9','08:00:00','20:00:00','#4285F4','2025-08-08 14:17:18','2025-08-08 14:17:18',1,1,1,1,1,1,1,1),('c5e0b9f4-746a-11f0-adec-ea5dc1f3f876','c5d801a6-746a-11f0-adec-ea5dc1f3f876','f9d3bbce-8644-4075-8b80-457777f6d16c','08:00:00','20:00:00','#4285F4','2025-08-08 14:17:18','2025-08-08 14:17:18',2,2,2,2,2,2,2,2),('c5e3d776-746a-11f0-adec-ea5dc1f3f876','c5d801a6-746a-11f0-adec-ea5dc1f3f876','5bcc07fe-8ec9-43e4-acc5-4b44799cda03','08:00:00','20:00:00','#4285F4','2025-08-08 14:17:18','2025-08-08 14:17:18',1,1,1,1,1,1,1,1),('c5e5d426-746a-11f0-adec-ea5dc1f3f876','c5d801a6-746a-11f0-adec-ea5dc1f3f876','1bd33204-7a54-4146-9a82-9344a1ee7b3a','08:00:00','20:00:00','#4285F4','2025-08-08 14:17:18','2025-08-08 14:17:18',1,1,1,1,1,1,1,1),('d689daba-6cbd-402e-83ac-282e3a8670fe','8fe5a7d8-8bf9-468d-8afd-6f50443fcf8b','5bcc07fe-8ec9-43e4-acc5-4b44799cda03','08:00:00','20:00:00','#4285F4','2025-07-04 06:27:39','2025-07-04 06:27:39',1,1,1,1,1,1,1,1),('d73425a5-1d2a-4956-95be-2b4522b58d80','cc307153-0727-4d65-a47f-c8c3d007e1af','1bd33204-7a54-4146-9a82-9344a1ee7b3a','20:00:00','08:00:00','#4285F4','2025-06-25 01:17:00','2025-06-25 01:17:00',1,1,1,1,1,1,1,1),('e32eec9d-b332-4581-8e34-66f99601826d','d5bed006-83c4-4b75-8c23-1903df2f7324','8269f3d0-fb22-415c-b235-7cf00c96f3b9','20:00:00','08:00:00','#4285F4','2025-06-26 17:56:28','2025-06-26 17:56:28',1,1,1,1,1,1,1,1),('e51bb2c5-27ef-4b73-829c-e5f84bdc8fe6','ce859bcc-7e2f-49db-b33a-886cc6fbf60c','81c30d93-8712-405c-ac5e-509d48fd9af9','08:00:00','20:00:00','#4285F4','2025-06-30 15:08:06','2025-06-30 15:08:06',1,1,1,1,1,1,1,1),('e63fb86d-c88b-4bed-b56e-0eec33b719aa','9ecdca87-4206-416b-9b84-f0b83cae1fad','8269f3d0-fb22-415c-b235-7cf00c96f3b9','20:00:00','08:00:00','#4285F4','2025-06-25 17:06:30','2025-06-25 17:06:30',1,1,1,1,1,1,1,1),('eaa3751e-115e-4da6-865d-1af42345222e','06771608-e3ce-4212-bf21-f956fd68dc04','81c30d93-8712-405c-ac5e-509d48fd9af9','08:00:00','20:00:00','#4285F4','2025-06-30 15:34:38','2025-06-30 15:34:38',1,1,1,1,1,1,1,1),('f1317372-032e-4708-b54e-d4e7ea862074','8e9345bb-939b-4ef8-a3ce-a35e396b921d','8269f3d0-fb22-415c-b235-7cf00c96f3b9','20:00:00','08:00:00','#4285F4','2025-06-24 20:48:18','2025-06-24 20:48:18',1,1,1,1,1,1,1,1),('faa77ac3-64d8-4005-956f-3dc6d3fb8286','b27a3c52-9cbb-45ae-8df4-06df132ce3ce','5bcc07fe-8ec9-43e4-acc5-4b44799cda03','08:00:00','20:00:00','#4285F4','2025-07-03 03:48:32','2025-07-03 03:48:32',1,1,1,1,1,1,1,1),('fb0ae602-9786-4dc6-b988-7d47e290ce29','b27a3c52-9cbb-45ae-8df4-06df132ce3ce','f9d3bbce-8644-4075-8b80-457777f6d16c','08:00:00','20:00:00','#4285F4','2025-07-03 03:48:32','2025-07-03 03:48:32',2,2,2,2,2,2,2,2),('fb68a37e-6347-481c-b286-0a8ae56fd19d','d2fb94a3-ffa9-4696-975a-b74d27927c23','8269f3d0-fb22-415c-b235-7cf00c96f3b9','20:00:00','08:00:00','#4285F4','2025-06-25 00:39:25','2025-06-25 00:39:25',1,1,1,1,1,1,1,1),('fe4e2705-e377-43a8-a0f3-59a5fa02c1c4','06771608-e3ce-4212-bf21-f956fd68dc04','8269f3d0-fb22-415c-b235-7cf00c96f3b9','08:00:00','20:00:00','#4285F4','2025-06-30 15:34:38','2025-06-30 15:34:38',1,1,1,1,1,1,1,1);
/*!40000 ALTER TABLE `shift_area_cover_assignments` ENABLE KEYS */;
UNLOCK TABLES;

--
-- Table structure for table `shift_area_cover_porter_assignments`
--

DROP TABLE IF EXISTS `shift_area_cover_porter_assignments`;
/*!40101 SET @saved_cs_client     = @@character_set_client */;
/*!50503 SET character_set_client = utf8mb4 */;
CREATE TABLE `shift_area_cover_porter_assignments` (
  `id` char(36) CHARACTER SET utf8mb4 COLLATE utf8mb4_unicode_ci NOT NULL DEFAULT (uuid()),
  `shift_area_cover_assignment_id` char(36) CHARACTER SET utf8mb4 COLLATE utf8mb4_unicode_ci NOT NULL,
  `porter_id` char(36) CHARACTER SET utf8mb4 COLLATE utf8mb4_unicode_ci NOT NULL,
  `start_time` time DEFAULT '08:00:00',
  `end_time` time DEFAULT '16:00:00',
  `created_at` timestamp NULL DEFAULT CURRENT_TIMESTAMP,
  `updated_at` timestamp NULL DEFAULT CURRENT_TIMESTAMP ON UPDATE CURRENT_TIMESTAMP,
  `agreed_absence` varchar(255) CHARACTER SET utf8mb4 COLLATE utf8mb4_unicode_ci DEFAULT NULL,
  PRIMARY KEY (`id`),
  UNIQUE KEY `unique_area_cover_porter` (`shift_area_cover_assignment_id`,`porter_id`),
  KEY `porter_id` (`porter_id`),
  KEY `idx_shift_area_porter_assignment_id` (`shift_area_cover_assignment_id`),
  CONSTRAINT `shift_area_cover_porter_assignments_ibfk_1` FOREIGN KEY (`shift_area_cover_assignment_id`) REFERENCES `shift_area_cover_assignments` (`id`) ON DELETE CASCADE,
  CONSTRAINT `shift_area_cover_porter_assignments_ibfk_2` FOREIGN KEY (`porter_id`) REFERENCES `staff` (`id`) ON DELETE CASCADE
) ENGINE=InnoDB DEFAULT CHARSET=utf8mb4 COLLATE=utf8mb4_unicode_ci;
/*!40101 SET character_set_client = @saved_cs_client */;

--
-- Dumping data for table `shift_area_cover_porter_assignments`
--

LOCK TABLES `shift_area_cover_porter_assignments` WRITE;
/*!40000 ALTER TABLE `shift_area_cover_porter_assignments` DISABLE KEYS */;
INSERT INTO `shift_area_cover_porter_assignments` VALUES ('06e4a966-5e3f-45b5-bf2a-058c19e6bafa','34979b8a-3267-437e-9414-381c076161c5','63f5c89b-661d-40e5-a810-7fba772d4dc5','20:00:00','08:00:00','2025-06-25 00:03:48','2025-06-25 00:03:48',NULL),('09662a4a-51a7-4af0-9d51-ccf2970f9e6f','faa77ac3-64d8-4005-956f-3dc6d3fb8286','74da0ff0-44aa-4fd5-a464-d25e45bea636','08:30:00','16:30:00','2025-07-03 03:48:32','2025-07-03 03:48:32',NULL),('0a803deb-7465-11f0-adec-ea5dc1f3f876','0a7f8b18-7465-11f0-adec-ea5dc1f3f876','7cc268aa-cb72-4320-ba8d-72f77b77dda6','10:00:00','18:00:00','2025-08-08 13:36:17','2025-08-08 13:36:17',NULL),('0a8168a4-7465-11f0-adec-ea5dc1f3f876','0a7f8b18-7465-11f0-adec-ea5dc1f3f876','df3f3a6d-23b5-4970-9ae0-47d458b84dd3','09:00:00','17:00:00','2025-08-08 13:36:17','2025-08-08 13:36:17',NULL),('0a853fdf-7465-11f0-adec-ea5dc1f3f876','0a82f438-7465-11f0-adec-ea5dc1f3f876','00e0ca67-f415-45ce-9b11-c3260e9cd58e','09:00:00','17:00:00','2025-08-08 13:36:17','2025-08-08 13:36:17',NULL),('0a86d0f7-7465-11f0-adec-ea5dc1f3f876','0a82f438-7465-11f0-adec-ea5dc1f3f876','0655269c-b297-42e7-bdec-afb55cdee4d2','08:00:00','16:00:00','2025-08-08 13:36:17','2025-08-08 13:36:17',NULL),('0a8a0c3a-7465-11f0-adec-ea5dc1f3f876','0a88085f-7465-11f0-adec-ea5dc1f3f876','74da0ff0-44aa-4fd5-a464-d25e45bea636','08:30:00','16:30:00','2025-08-08 13:36:17','2025-08-08 13:36:17',NULL),('0a8bdee6-7465-11f0-adec-ea5dc1f3f876','0a88085f-7465-11f0-adec-ea5dc1f3f876','0689dc61-6dcd-413d-a9f8-579fdc716757','10:00:00','18:00:00','2025-08-08 13:36:17','2025-08-08 13:36:17',NULL),('0a966279-7465-11f0-adec-ea5dc1f3f876','0a8e6dc1-7465-11f0-adec-ea5dc1f3f876','0c601480-b2ff-4199-9b59-5d437ee3c238','06:00:00','14:00:00','2025-08-08 13:36:17','2025-08-08 13:36:17',NULL),('0a99be5a-7465-11f0-adec-ea5dc1f3f876','0a8e6dc1-7465-11f0-adec-ea5dc1f3f876','ab2ba72f-ff0e-450d-a6a7-acf4d80fc235','09:00:00','17:00:00','2025-08-08 13:36:17','2025-08-08 13:36:17',NULL),('0a9c791f-7465-11f0-adec-ea5dc1f3f876','0a8e6dc1-7465-11f0-adec-ea5dc1f3f876','bf79faf6-fb3e-4780-841e-63a4a67a5b77','13:00:00','23:00:00','2025-08-08 13:36:17','2025-08-08 13:36:17',NULL),('0b73d0b2-18a0-4709-9e2a-c6e2e1630944','c39a0ad6-131d-4c64-8d9c-b4e672a4d612','0689dc61-6dcd-413d-a9f8-579fdc716757','10:00:00','18:00:00','2025-07-02 06:27:31','2025-07-02 06:27:31',NULL),('0d96b282-4647-4399-8174-b35b2ee55ecc','fb68a37e-6347-481c-b286-0a8ae56fd19d','af42f57f-1437-4320-b1a2-2b0051948de3','20:00:00','08:00:00','2025-06-25 00:51:48','2025-06-25 00:51:48',NULL),('1fcfd01d-b3f7-4e90-9784-61718631f87b','4478024f-89d9-4bc9-9f9a-d6e5bafbc074','bf79faf6-fb3e-4780-841e-63a4a67a5b77','13:00:00','23:00:00','2025-07-03 03:48:32','2025-07-03 03:48:32',NULL),('2035278c-5191-48ba-abef-c289ae844b22','4e8cb4f2-8a86-4261-b994-90c31e881cc3','0689dc61-6dcd-413d-a9f8-579fdc716757','10:00:00','18:00:00','2025-06-30 14:58:52','2025-06-30 14:58:52',NULL),('28b1c07c-7469-11f0-adec-ea5dc1f3f876','28af3c61-7469-11f0-adec-ea5dc1f3f876','7cc268aa-cb72-4320-ba8d-72f77b77dda6','10:00:00','18:00:00','2025-08-08 14:05:45','2025-08-08 14:05:45',NULL),('28b4352d-7469-11f0-adec-ea5dc1f3f876','28af3c61-7469-11f0-adec-ea5dc1f3f876','df3f3a6d-23b5-4970-9ae0-47d458b84dd3','09:00:00','17:00:00','2025-08-08 14:05:45','2025-08-08 14:05:45',NULL),('28b9cb13-7469-11f0-adec-ea5dc1f3f876','28b68517-7469-11f0-adec-ea5dc1f3f876','00e0ca67-f415-45ce-9b11-c3260e9cd58e','09:00:00','17:00:00','2025-08-08 14:05:45','2025-08-08 14:05:45',NULL),('28bbf8a4-7469-11f0-adec-ea5dc1f3f876','28b68517-7469-11f0-adec-ea5dc1f3f876','0655269c-b297-42e7-bdec-afb55cdee4d2','08:00:00','16:00:00','2025-08-08 14:05:45','2025-08-08 14:05:45',NULL),('28c0c340-7469-11f0-adec-ea5dc1f3f876','28bd6595-7469-11f0-adec-ea5dc1f3f876','74da0ff0-44aa-4fd5-a464-d25e45bea636','08:30:00','16:30:00','2025-08-08 14:05:45','2025-08-08 14:05:45',NULL),('28c28d18-7469-11f0-adec-ea5dc1f3f876','28bd6595-7469-11f0-adec-ea5dc1f3f876','0689dc61-6dcd-413d-a9f8-579fdc716757','10:00:00','18:00:00','2025-08-08 14:05:45','2025-08-08 14:05:45',NULL),('28c8ee7b-7469-11f0-adec-ea5dc1f3f876','28c4dbfa-7469-11f0-adec-ea5dc1f3f876','0c601480-b2ff-4199-9b59-5d437ee3c238','06:00:00','14:00:00','2025-08-08 14:05:45','2025-08-08 14:05:45',NULL),('28cb2ccc-7469-11f0-adec-ea5dc1f3f876','28c4dbfa-7469-11f0-adec-ea5dc1f3f876','ab2ba72f-ff0e-450d-a6a7-acf4d80fc235','09:00:00','17:00:00','2025-08-08 14:05:45','2025-08-08 14:05:45',NULL),('28ccbba0-7469-11f0-adec-ea5dc1f3f876','28c4dbfa-7469-11f0-adec-ea5dc1f3f876','bf79faf6-fb3e-4780-841e-63a4a67a5b77','13:00:00','23:00:00','2025-08-08 14:05:45','2025-08-08 14:05:45',NULL),('29616316-7465-11f0-adec-ea5dc1f3f876','295fca8b-7465-11f0-adec-ea5dc1f3f876','7cc268aa-cb72-4320-ba8d-72f77b77dda6','10:00:00','18:00:00','2025-08-08 13:37:08','2025-08-08 13:37:08',NULL),('296221bf-7465-11f0-adec-ea5dc1f3f876','295fca8b-7465-11f0-adec-ea5dc1f3f876','df3f3a6d-23b5-4970-9ae0-47d458b84dd3','09:00:00','17:00:00','2025-08-08 13:37:08','2025-08-08 13:37:08',NULL),('29649ec5-7465-11f0-adec-ea5dc1f3f876','2963205c-7465-11f0-adec-ea5dc1f3f876','00e0ca67-f415-45ce-9b11-c3260e9cd58e','09:00:00','17:00:00','2025-08-08 13:37:08','2025-08-08 13:37:08',NULL),('2965b893-7465-11f0-adec-ea5dc1f3f876','2963205c-7465-11f0-adec-ea5dc1f3f876','0655269c-b297-42e7-bdec-afb55cdee4d2','08:00:00','16:00:00','2025-08-08 13:37:08','2025-08-08 13:37:08',NULL),('296b3500-7465-11f0-adec-ea5dc1f3f876','29680910-7465-11f0-adec-ea5dc1f3f876','74da0ff0-44aa-4fd5-a464-d25e45bea636','08:30:00','16:30:00','2025-08-08 13:37:08','2025-08-08 13:37:08',NULL),('296dbbf5-7465-11f0-adec-ea5dc1f3f876','29680910-7465-11f0-adec-ea5dc1f3f876','0689dc61-6dcd-413d-a9f8-579fdc716757','10:00:00','18:00:00','2025-08-08 13:37:08','2025-08-08 13:37:08',NULL),('2973cc05-7465-11f0-adec-ea5dc1f3f876','2970c040-7465-11f0-adec-ea5dc1f3f876','0c601480-b2ff-4199-9b59-5d437ee3c238','06:00:00','14:00:00','2025-08-08 13:37:08','2025-08-08 13:37:08',NULL),('2975edc7-7465-11f0-adec-ea5dc1f3f876','2970c040-7465-11f0-adec-ea5dc1f3f876','ab2ba72f-ff0e-450d-a6a7-acf4d80fc235','09:00:00','17:00:00','2025-08-08 13:37:08','2025-08-08 13:37:08',NULL),('297a12de-7465-11f0-adec-ea5dc1f3f876','2970c040-7465-11f0-adec-ea5dc1f3f876','bf79faf6-fb3e-4780-841e-63a4a67a5b77','13:00:00','23:00:00','2025-08-08 13:37:08','2025-08-08 13:37:08',NULL),('2eb1775f-47a3-463a-aeae-64f9752f3e95','4478024f-89d9-4bc9-9f9a-d6e5bafbc074','ab2ba72f-ff0e-450d-a6a7-acf4d80fc235','09:00:00','17:00:00','2025-07-03 03:48:32','2025-07-03 03:48:32',NULL),('2ef90282-e95e-455d-a717-811212c4b3a3','2f77e2c0-7644-4f60-ab08-54eb257fd9ad','2e74429e-2aab-4bed-a979-6ccbdef74596','12:00:00','20:00:00','2025-07-03 06:19:22','2025-07-03 06:19:22',NULL),('317c45fd-e072-4988-9058-be360ba6cb04','c39a0ad6-131d-4c64-8d9c-b4e672a4d612','fabfccff-9e98-4965-83c2-97f388a7672e','09:00:00','16:00:00','2025-07-02 07:05:09','2025-07-02 07:05:09',NULL),('334e21c6-fba1-474b-b9af-4032ea815a67','7f2ebbb9-ef80-4779-84ac-ac64518bc823','af42f57f-1437-4320-b1a2-2b0051948de3','20:00:00','08:00:00','2025-06-25 00:03:58','2025-06-25 00:03:58',NULL),('3b1a0872-efd8-4902-8207-42baac710a17','88f8a74f-58f3-4c5b-b7b3-9bf495fb1ab9','00e0ca67-f415-45ce-9b11-c3260e9cd58e','09:00:00','17:00:00','2025-07-02 06:27:31','2025-07-02 06:27:31',NULL),('3e356674-0779-4e1e-9c66-66e3e6c038bd','c39a0ad6-131d-4c64-8d9c-b4e672a4d612','74da0ff0-44aa-4fd5-a464-d25e45bea636','08:30:00','16:30:00','2025-07-02 06:27:31','2025-07-02 06:27:31',NULL),('4087da47-ab06-4450-9a0a-2ff52cf00250','01b11121-09a9-4626-9b2d-7879bc28c98e','df3f3a6d-23b5-4970-9ae0-47d458b84dd3','09:00:00','17:00:00','2025-07-02 06:27:31','2025-07-02 06:27:31',NULL),('51fb1742-603a-4f0d-8d49-0c405c6609da','57b31cef-1f1b-43e9-ac07-925d82895166','ab2ba72f-ff0e-450d-a6a7-acf4d80fc235','09:00:00','17:00:00','2025-07-02 06:27:31','2025-07-02 06:27:31',NULL),('5ae99755-febb-4057-bd0e-8995553bb3d7','faa77ac3-64d8-4005-956f-3dc6d3fb8286','aee3e923-d013-4da1-8404-6dfe4f07c135','08:00:00','20:00:00','2025-07-03 06:19:57','2025-07-03 06:19:57',NULL),('5c41caf4-fa9f-4669-a9a3-ac27b1b4643b','fb0ae602-9786-4dc6-b988-7d47e290ce29','00e0ca67-f415-45ce-9b11-c3260e9cd58e','09:00:00','17:00:00','2025-07-03 03:48:32','2025-07-03 03:48:32',NULL),('622a396f-f17e-478f-9753-6fde96b34d56','74447f56-9e5d-4e96-880c-d9e958998647','0689dc61-6dcd-413d-a9f8-579fdc716757','10:00:00','18:00:00','2025-06-30 15:08:06','2025-06-30 15:08:06',NULL),('66d62c34-24ef-4b6d-bd1c-1e1dd9abe254','1c9c1921-633d-443e-8de1-cec3fa8b7da6','2e74429e-2aab-4bed-a979-6ccbdef74596','14:00:00','22:00:00','2025-06-30 14:58:52','2025-06-30 14:58:52',NULL),('695229c6-6ea5-4b2a-a7c6-9daa91181881','010de906-6652-4138-b15f-2e046c75d156','2e74429e-2aab-4bed-a979-6ccbdef74596','14:00:00','22:00:00','2025-06-30 15:08:06','2025-06-30 15:08:06',NULL),('705ed2ec-f6e0-4883-87db-aa7875575aee','8c35b7de-1323-495a-ba2f-6c6063c70229','7baf82c3-c592-43fa-aac0-b53fbd8e9a1d','11:00:00','20:00:00','2025-07-04 08:47:41','2025-07-04 08:47:41',NULL),('75d588d7-653f-45fc-ad5c-417cd04185cd','4e05117c-0bb0-49a2-879c-94627e94b152','12055968-78d3-4404-a05f-10e039217936','17:00:00','20:00:00','2025-07-04 08:51:29','2025-07-04 08:51:29',NULL),('7d074dea-831e-4f5e-bbd1-2dd502bc562c','0d7305ce-e12f-43db-a3cb-d1993a99a748','2e74429e-2aab-4bed-a979-6ccbdef74596','14:00:00','22:00:00','2025-06-30 14:44:04','2025-06-30 14:44:04',NULL),('8e8df3bd-1d0a-4d35-956e-805dc5f7157d','d689daba-6cbd-402e-83ac-282e3a8670fe','aee3e923-d013-4da1-8404-6dfe4f07c135','16:00:00','19:00:00','2025-07-04 08:56:32','2025-07-04 08:56:32',NULL),('963c866c-539e-4ade-bd17-3a64224b0dc7','1c9c1921-633d-443e-8de1-cec3fa8b7da6','bf79faf6-fb3e-4780-841e-63a4a67a5b77','13:00:00','23:00:00','2025-06-30 14:58:52','2025-06-30 14:58:52',NULL),('97c8ec8f-9f3c-44f7-a1c7-54549e1a0711','4e05117c-0bb0-49a2-879c-94627e94b152','bf79faf6-fb3e-4780-841e-63a4a67a5b77','13:00:00','23:00:00','2025-07-04 06:27:39','2025-07-04 06:27:39',NULL),('9a1267e1-4d9e-4766-b72d-bbe2a50d0f36','073d8bd2-b944-493e-8d40-fbd6db4dda45','7cc268aa-cb72-4320-ba8d-72f77b77dda6','10:00:00','18:00:00','2025-07-03 03:48:32','2025-07-03 03:48:32',NULL),('a3cbb0dc-b93a-42e8-8e26-deadde975fd8','0d7305ce-e12f-43db-a3cb-d1993a99a748','ab2ba72f-ff0e-450d-a6a7-acf4d80fc235','09:00:00','17:00:00','2025-06-30 14:44:04','2025-06-30 14:44:04',NULL),('a437a8f4-e582-474e-82b9-7c1c3780df3e','0277a132-3689-4f80-ba68-31cd9280b22b','bf79faf6-fb3e-4780-841e-63a4a67a5b77','13:00:00','23:00:00','2025-06-30 15:34:38','2025-06-30 15:34:38',NULL),('a88cba31-9dd4-44b6-84bb-76b2ce86cf8d','010de906-6652-4138-b15f-2e046c75d156','bf79faf6-fb3e-4780-841e-63a4a67a5b77','13:00:00','23:00:00','2025-06-30 15:08:06','2025-06-30 15:08:06',NULL),('ada9ce16-d714-4232-ac3f-cf1fa173ae73','a65ffd16-e21d-4565-8fb1-2085f54e1353','63f5c89b-661d-40e5-a810-7fba772d4dc5','20:00:00','08:00:00','2025-06-25 00:46:06','2025-06-25 00:46:06',NULL),('c167c692-7465-11f0-adec-ea5dc1f3f876','c166ccd1-7465-11f0-adec-ea5dc1f3f876','7cc268aa-cb72-4320-ba8d-72f77b77dda6','10:00:00','18:00:00','2025-08-08 13:41:23','2025-08-08 13:41:23',NULL),('c169316e-7465-11f0-adec-ea5dc1f3f876','c166ccd1-7465-11f0-adec-ea5dc1f3f876','df3f3a6d-23b5-4970-9ae0-47d458b84dd3','09:00:00','17:00:00','2025-08-08 13:41:23','2025-08-08 13:41:23',NULL),('c16a7966-7465-11f0-adec-ea5dc1f3f876','c169dd2b-7465-11f0-adec-ea5dc1f3f876','00e0ca67-f415-45ce-9b11-c3260e9cd58e','09:00:00','17:00:00','2025-08-08 13:41:23','2025-08-08 13:41:23',NULL),('c16bbaf7-7465-11f0-adec-ea5dc1f3f876','c169dd2b-7465-11f0-adec-ea5dc1f3f876','0655269c-b297-42e7-bdec-afb55cdee4d2','08:00:00','16:00:00','2025-08-08 13:41:23','2025-08-08 13:41:23',NULL),('c16d0512-7465-11f0-adec-ea5dc1f3f876','c16c6883-7465-11f0-adec-ea5dc1f3f876','74da0ff0-44aa-4fd5-a464-d25e45bea636','08:30:00','16:30:00','2025-08-08 13:41:23','2025-08-08 13:41:23',NULL),('c16df71e-7465-11f0-adec-ea5dc1f3f876','c16c6883-7465-11f0-adec-ea5dc1f3f876','0689dc61-6dcd-413d-a9f8-579fdc716757','10:00:00','18:00:00','2025-08-08 13:41:23','2025-08-08 13:41:23',NULL),('c16f7d0d-7465-11f0-adec-ea5dc1f3f876','c16ed9f1-7465-11f0-adec-ea5dc1f3f876','0c601480-b2ff-4199-9b59-5d437ee3c238','06:00:00','14:00:00','2025-08-08 13:41:23','2025-08-08 13:41:23',NULL),('c17062bf-7465-11f0-adec-ea5dc1f3f876','c16ed9f1-7465-11f0-adec-ea5dc1f3f876','ab2ba72f-ff0e-450d-a6a7-acf4d80fc235','09:00:00','17:00:00','2025-08-08 13:41:23','2025-08-08 13:41:23',NULL),('c171f3a6-7465-11f0-adec-ea5dc1f3f876','c16ed9f1-7465-11f0-adec-ea5dc1f3f876','bf79faf6-fb3e-4780-841e-63a4a67a5b77','13:00:00','23:00:00','2025-08-08 13:41:23','2025-08-08 13:41:23',NULL),('c5df3622-746a-11f0-adec-ea5dc1f3f876','c5de3299-746a-11f0-adec-ea5dc1f3f876','7cc268aa-cb72-4320-ba8d-72f77b77dda6','10:00:00','18:00:00','2025-08-08 14:17:18','2025-08-08 14:17:18',NULL),('c5e047a8-746a-11f0-adec-ea5dc1f3f876','c5de3299-746a-11f0-adec-ea5dc1f3f876','df3f3a6d-23b5-4970-9ae0-47d458b84dd3','09:00:00','17:00:00','2025-08-08 14:17:18','2025-08-08 14:17:18',NULL),('c5e23fc1-746a-11f0-adec-ea5dc1f3f876','c5e0b9f4-746a-11f0-adec-ea5dc1f3f876','00e0ca67-f415-45ce-9b11-c3260e9cd58e','09:00:00','17:00:00','2025-08-08 14:17:18','2025-08-08 14:17:18',NULL),('c5e2fcec-746a-11f0-adec-ea5dc1f3f876','c5e0b9f4-746a-11f0-adec-ea5dc1f3f876','0655269c-b297-42e7-bdec-afb55cdee4d2','08:00:00','16:00:00','2025-08-08 14:17:18','2025-08-08 14:17:18',NULL),('c5e4dce8-746a-11f0-adec-ea5dc1f3f876','c5e3d776-746a-11f0-adec-ea5dc1f3f876','74da0ff0-44aa-4fd5-a464-d25e45bea636','08:30:00','16:30:00','2025-08-08 14:17:18','2025-08-08 14:17:18',NULL),('c5e5564c-746a-11f0-adec-ea5dc1f3f876','c5e3d776-746a-11f0-adec-ea5dc1f3f876','0689dc61-6dcd-413d-a9f8-579fdc716757','10:00:00','18:00:00','2025-08-08 14:17:18','2025-08-08 14:17:18',NULL),('c5e7f573-746a-11f0-adec-ea5dc1f3f876','c5e5d426-746a-11f0-adec-ea5dc1f3f876','0c601480-b2ff-4199-9b59-5d437ee3c238','06:00:00','14:00:00','2025-08-08 14:17:18','2025-08-08 14:17:18',NULL),('c5ea3b7a-746a-11f0-adec-ea5dc1f3f876','c5e5d426-746a-11f0-adec-ea5dc1f3f876','ab2ba72f-ff0e-450d-a6a7-acf4d80fc235','09:00:00','17:00:00','2025-08-08 14:17:18','2025-08-08 14:17:18',NULL),('c5ebced9-746a-11f0-adec-ea5dc1f3f876','c5e5d426-746a-11f0-adec-ea5dc1f3f876','bf79faf6-fb3e-4780-841e-63a4a67a5b77','13:00:00','23:00:00','2025-08-08 14:17:18','2025-08-08 14:17:18',NULL),('cb9387ab-101d-415e-a0f0-39df57f9d68c','57b31cef-1f1b-43e9-ac07-925d82895166','bf79faf6-fb3e-4780-841e-63a4a67a5b77','13:00:00','23:00:00','2025-07-02 06:27:31','2025-07-02 06:27:31',NULL),('ce05aa89-a27e-4ffa-8594-827477ea3614','faa77ac3-64d8-4005-956f-3dc6d3fb8286','0689dc61-6dcd-413d-a9f8-579fdc716757','10:00:00','18:00:00','2025-07-03 03:48:32','2025-07-03 03:48:32',NULL),('dce75e62-8779-4bec-9254-ae436725ac31','88f8a74f-58f3-4c5b-b7b3-9bf495fb1ab9','0655269c-b297-42e7-bdec-afb55cdee4d2','08:00:00','16:00:00','2025-07-02 06:27:31','2025-07-02 06:27:31',NULL),('dfdfe7d9-b865-4e53-8626-1b1810cfe198','01b11121-09a9-4626-9b2d-7879bc28c98e','7cc268aa-cb72-4320-ba8d-72f77b77dda6','10:00:00','18:00:00','2025-07-02 06:27:31','2025-07-02 06:27:31',NULL),('e7aabfd6-7ca1-4170-a2d2-27d388e8db77','932b6f5e-5c59-4d7c-8d67-84d44c21e90d','7cc268aa-cb72-4320-ba8d-72f77b77dda6','10:00:00','18:00:00','2025-06-30 14:58:52','2025-06-30 14:58:52',NULL),('e9b2fd58-0394-4396-97cc-80c8d62dd378','073d8bd2-b944-493e-8d40-fbd6db4dda45','df3f3a6d-23b5-4970-9ae0-47d458b84dd3','09:00:00','17:00:00','2025-07-03 03:48:32','2025-07-03 03:48:32',NULL),('f6cff41a-14ee-493c-ba3a-349eae73cf92','3fbc232d-aba4-4e94-9f4b-0af5d0b873fb','7cc268aa-cb72-4320-ba8d-72f77b77dda6','10:00:00','18:00:00','2025-06-30 15:08:06','2025-06-30 15:08:06',NULL),('ffc0adfe-2902-4562-8faa-ac75d77c0050','0d7305ce-e12f-43db-a3cb-d1993a99a748','bf79faf6-fb3e-4780-841e-63a4a67a5b77','13:00:00','23:00:00','2025-06-30 14:44:04','2025-06-30 14:44:04',NULL);
/*!40000 ALTER TABLE `shift_area_cover_porter_assignments` ENABLE KEYS */;
UNLOCK TABLES;

--
-- Table structure for table `shift_defaults`
--

DROP TABLE IF EXISTS `shift_defaults`;
/*!40101 SET @saved_cs_client     = @@character_set_client */;
/*!50503 SET character_set_client = utf8mb4 */;
CREATE TABLE `shift_defaults` (
  `id` char(36) CHARACTER SET utf8mb4 COLLATE utf8mb4_unicode_ci NOT NULL DEFAULT (uuid()),
  `shift_type` varchar(50) CHARACTER SET utf8mb4 COLLATE utf8mb4_unicode_ci NOT NULL,
  `start_time` time NOT NULL,
  `end_time` time NOT NULL,
  `color` varchar(20) CHARACTER SET utf8mb4 COLLATE utf8mb4_unicode_ci NOT NULL,
  `created_at` timestamp NULL DEFAULT CURRENT_TIMESTAMP,
  `updated_at` timestamp NULL DEFAULT CURRENT_TIMESTAMP ON UPDATE CURRENT_TIMESTAMP,
  PRIMARY KEY (`id`)
) ENGINE=InnoDB DEFAULT CHARSET=utf8mb4 COLLATE=utf8mb4_unicode_ci;
/*!40101 SET character_set_client = @saved_cs_client */;

--
-- Dumping data for table `shift_defaults`
--

LOCK TABLES `shift_defaults` WRITE;
/*!40000 ALTER TABLE `shift_defaults` DISABLE KEYS */;
INSERT INTO `shift_defaults` VALUES ('01373b67-60e9-4422-a1ae-a8e72d119014','week_night','19:00:00','07:00:00','#673AB7','2025-05-23 12:34:39','2025-08-08 10:21:15'),('2b13f0ba-98fc-4013-9953-0da1418e8ea0','weekend_day','08:00:00','20:00:00','#4285F4','2025-05-23 12:34:39','2025-06-26 21:11:22'),('524485d0-141a-4574-808b-93410f62ca94','weekend_night','20:00:00','08:00:00','#673AB7','2025-05-23 12:34:39','2025-06-26 21:11:22'),('85cc4d8d-f0fc-477a-b138-56efdcbfcdf1','week_day','07:00:00','19:00:00','#4285F4','2025-05-23 12:34:39','2025-08-08 10:21:15');
/*!40000 ALTER TABLE `shift_defaults` ENABLE KEYS */;
UNLOCK TABLES;

--
-- Table structure for table `shift_porter_absences`
--

DROP TABLE IF EXISTS `shift_porter_absences`;
/*!40101 SET @saved_cs_client     = @@character_set_client */;
/*!50503 SET character_set_client = utf8mb4 */;
CREATE TABLE `shift_porter_absences` (
  `id` char(36) CHARACTER SET utf8mb4 COLLATE utf8mb4_unicode_ci NOT NULL DEFAULT (uuid()),
  `shift_id` char(36) CHARACTER SET utf8mb4 COLLATE utf8mb4_unicode_ci NOT NULL,
  `porter_id` char(36) CHARACTER SET utf8mb4 COLLATE utf8mb4_unicode_ci NOT NULL,
  `start_time` time NOT NULL,
  `end_time` time NOT NULL,
  `absence_reason` varchar(255) CHARACTER SET utf8mb4 COLLATE utf8mb4_unicode_ci NOT NULL,
  `created_at` timestamp NULL DEFAULT CURRENT_TIMESTAMP,
  PRIMARY KEY (`id`),
  KEY `idx_shift_porter_absences_shift_id` (`shift_id`),
  KEY `idx_shift_porter_absences_porter_id` (`porter_id`),
  CONSTRAINT `shift_porter_absences_ibfk_1` FOREIGN KEY (`shift_id`) REFERENCES `shifts` (`id`) ON DELETE CASCADE,
  CONSTRAINT `shift_porter_absences_ibfk_2` FOREIGN KEY (`porter_id`) REFERENCES `staff` (`id`) ON DELETE CASCADE
) ENGINE=InnoDB DEFAULT CHARSET=utf8mb4 COLLATE=utf8mb4_unicode_ci;
/*!40101 SET character_set_client = @saved_cs_client */;

--
-- Dumping data for table `shift_porter_absences`
--

LOCK TABLES `shift_porter_absences` WRITE;
/*!40000 ALTER TABLE `shift_porter_absences` DISABLE KEYS */;
INSERT INTO `shift_porter_absences` VALUES ('2d8585d3-e036-49a4-9503-aecaff9cfa37','8fe5a7d8-8bf9-468d-8afd-6f50443fcf8b','aee3e923-d013-4da1-8404-6dfe4f07c135','19:00:00','20:00:00','Early Leave','2025-07-04 06:36:57'),('31bbcbd4-e5ff-48da-954d-c8515bac52c4','328a65bd-ef90-40ed-9e57-d46dec2374ed','b4bcc3bc-729a-49fe-bf6e-1c30fcac37b3','12:12:00','20:00:00','Illness','2025-07-02 10:16:52'),('d6cf137f-97ed-45ad-b6be-2a42a81158a8','8fe5a7d8-8bf9-468d-8afd-6f50443fcf8b','a55d23b5-154f-425b-a0b3-11d5e3ef5ffd','17:00:00','20:00:00','Early Leave','2025-07-04 06:41:33');
/*!40000 ALTER TABLE `shift_porter_absences` ENABLE KEYS */;
UNLOCK TABLES;

--
-- Table structure for table `shift_porter_building_assignments`
--

DROP TABLE IF EXISTS `shift_porter_building_assignments`;
/*!40101 SET @saved_cs_client     = @@character_set_client */;
/*!50503 SET character_set_client = utf8mb4 */;
CREATE TABLE `shift_porter_building_assignments` (
  `id` char(36) CHARACTER SET utf8mb4 COLLATE utf8mb4_unicode_ci NOT NULL DEFAULT (uuid()),
  `shift_id` char(36) CHARACTER SET utf8mb4 COLLATE utf8mb4_unicode_ci NOT NULL,
  `porter_id` char(36) CHARACTER SET utf8mb4 COLLATE utf8mb4_unicode_ci NOT NULL,
  `building_id` char(36) CHARACTER SET utf8mb4 COLLATE utf8mb4_unicode_ci NOT NULL,
  `created_at` timestamp NULL DEFAULT CURRENT_TIMESTAMP,
  `updated_at` timestamp NULL DEFAULT CURRENT_TIMESTAMP ON UPDATE CURRENT_TIMESTAMP,
  PRIMARY KEY (`id`),
  KEY `shift_id` (`shift_id`),
  KEY `porter_id` (`porter_id`),
  KEY `building_id` (`building_id`),
  CONSTRAINT `shift_porter_building_assignments_ibfk_1` FOREIGN KEY (`shift_id`) REFERENCES `shifts` (`id`) ON DELETE CASCADE,
  CONSTRAINT `shift_porter_building_assignments_ibfk_2` FOREIGN KEY (`porter_id`) REFERENCES `staff` (`id`) ON DELETE CASCADE,
  CONSTRAINT `shift_porter_building_assignments_ibfk_3` FOREIGN KEY (`building_id`) REFERENCES `buildings` (`id`) ON DELETE CASCADE
) ENGINE=InnoDB DEFAULT CHARSET=utf8mb4 COLLATE=utf8mb4_unicode_ci;
/*!40101 SET character_set_client = @saved_cs_client */;

--
-- Dumping data for table `shift_porter_building_assignments`
--

LOCK TABLES `shift_porter_building_assignments` WRITE;
/*!40000 ALTER TABLE `shift_porter_building_assignments` DISABLE KEYS */;
INSERT INTO `shift_porter_building_assignments` VALUES ('0a65541c-3f13-43a0-a70f-d7042ef1a3ab','8fe5a7d8-8bf9-468d-8afd-6f50443fcf8b','e55b1013-7e79-4e38-913e-c53de591f85c','b4891ac9-bb9c-4c63-977d-038890607b98','2025-07-04 06:38:18','2025-07-04 06:38:18'),('137e05d0-d888-45bc-aad4-8fe82bc3d098','06771608-e3ce-4212-bf21-f956fd68dc04','4e543605-21a0-4373-8434-7f9809abea33','b4891ac9-bb9c-4c63-977d-038890607b98','2025-07-01 10:48:16','2025-07-01 10:48:16'),('39fee13e-c2b5-4031-bc34-6d63db736c0d','b27a3c52-9cbb-45ae-8df4-06df132ce3ce','fabfccff-9e98-4965-83c2-97f388a7672e','f47ac10b-58cc-4372-a567-0e02b2c3d479','2025-07-03 06:24:15','2025-07-03 06:24:15'),('3d576309-2b8b-4f36-b7c1-eec0478f3141','06771608-e3ce-4212-bf21-f956fd68dc04','f233a4cb-cd6d-4c6a-8fd6-01eea72a9fb0','f47ac10b-58cc-4372-a567-0e02b2c3d479','2025-07-01 11:06:39','2025-07-01 11:06:39'),('3dcb2d89-ccb3-442a-b584-c100d2ccd20e','06771608-e3ce-4212-bf21-f956fd68dc04','c965e4e3-e132-43f0-94ce-1b41d33a9f05','b4891ac9-bb9c-4c63-977d-038890607b98','2025-07-01 11:09:48','2025-07-01 11:09:48'),('40a35609-0c56-4d5b-9da9-c5ffe2604fa3','06771608-e3ce-4212-bf21-f956fd68dc04','80d77d87-0ab0-4a96-9dc8-8e23a5020ce2','b4891ac9-bb9c-4c63-977d-038890607b98','2025-07-01 10:48:24','2025-07-01 10:48:24'),('455c89dd-c323-43e2-ba50-c983244fc76c','8fe5a7d8-8bf9-468d-8afd-6f50443fcf8b','c965e4e3-e132-43f0-94ce-1b41d33a9f05','b4891ac9-bb9c-4c63-977d-038890607b98','2025-07-04 06:37:55','2025-07-04 06:37:55'),('4715c4de-a6e9-49d6-97ef-2ed336bdc1ee','328a65bd-ef90-40ed-9e57-d46dec2374ed','fabfccff-9e98-4965-83c2-97f388a7672e','b4891ac9-bb9c-4c63-977d-038890607b98','2025-07-02 06:36:15','2025-07-02 06:36:15'),('4fe6d49c-03df-417b-98cc-fa6bfa735ee6','06771608-e3ce-4212-bf21-f956fd68dc04','e9cf3a23-c94a-409b-aa71-d42602e54068','b4891ac9-bb9c-4c63-977d-038890607b98','2025-07-01 15:52:19','2025-07-01 15:52:19'),('5257b83a-acac-4d81-899b-a66952da95ba','b27a3c52-9cbb-45ae-8df4-06df132ce3ce','920b6b2f-18f0-4f27-b3b8-3b5760f6afc8','b4891ac9-bb9c-4c63-977d-038890607b98','2025-07-03 06:23:28','2025-07-03 06:23:28'),('533ad380-bf1b-41c6-89d8-d74617fe82f2','328a65bd-ef90-40ed-9e57-d46dec2374ed','172b28c4-ec0d-4f5c-a859-ff8299ff6243','f47ac10b-58cc-4372-a567-0e02b2c3d479','2025-07-02 06:36:26','2025-07-02 06:36:26'),('5f184686-b1cc-4ed3-a9be-0d71a28a8eeb','328a65bd-ef90-40ed-9e57-d46dec2374ed','e55b1013-7e79-4e38-913e-c53de591f85c','f47ac10b-58cc-4372-a567-0e02b2c3d479','2025-07-02 06:36:05','2025-07-02 06:36:05'),('661db36c-74a2-44ae-ba10-617f9037a9c0','06771608-e3ce-4212-bf21-f956fd68dc04','6e772f6a-e4e8-422a-b21b-ff677b625471','b4891ac9-bb9c-4c63-977d-038890607b98','2025-07-01 10:50:34','2025-07-01 10:50:34'),('679053ec-0fc2-436f-b487-766d933a8276','8fe5a7d8-8bf9-468d-8afd-6f50443fcf8b','cd7e9036-99de-4236-ba6a-f38115d3b63a','b4891ac9-bb9c-4c63-977d-038890607b98','2025-07-04 06:38:40','2025-07-04 06:38:40'),('695500ec-8dfa-4447-976f-b572cda15c4f','328a65bd-ef90-40ed-9e57-d46dec2374ed','12055968-78d3-4404-a05f-10e039217936','b4891ac9-bb9c-4c63-977d-038890607b98','2025-07-02 06:36:11','2025-07-02 06:36:11'),('747c5ee9-38ac-485a-8f3f-ab762d9bd789','06771608-e3ce-4212-bf21-f956fd68dc04','2ef290c6-6c61-4d37-be45-d08ae6afc097','b4891ac9-bb9c-4c63-977d-038890607b98','2025-07-01 10:48:11','2025-07-01 10:48:11'),('7c0dfe6f-b8fb-4da6-92b7-2867286c3dd1','328a65bd-ef90-40ed-9e57-d46dec2374ed','aee3e923-d013-4da1-8404-6dfe4f07c135','b4891ac9-bb9c-4c63-977d-038890607b98','2025-07-02 06:35:27','2025-07-02 06:35:27'),('7c7348d2-04ed-45b3-88c4-38ba2f9d680a','06771608-e3ce-4212-bf21-f956fd68dc04','c162858c-9815-43e3-9bcb-0c709bd8eef0','b4891ac9-bb9c-4c63-977d-038890607b98','2025-07-01 10:48:22','2025-07-01 10:48:22'),('83088000-148b-4248-962e-4bd48456ea02','8fe5a7d8-8bf9-468d-8afd-6f50443fcf8b','2840c515-644f-4313-9c30-ecfe7dd1cbe8','e85c40e7-6f29-4e22-9787-6ed289c36429','2025-07-04 06:37:25','2025-07-04 06:37:25'),('8599a65f-737a-4c48-b2ea-83774a313556','8fe5a7d8-8bf9-468d-8afd-6f50443fcf8b','aee3e923-d013-4da1-8404-6dfe4f07c135','b4891ac9-bb9c-4c63-977d-038890607b98','2025-07-04 06:37:45','2025-07-04 06:37:45'),('8bf30c1d-42fc-4e09-9348-38892c8766d6','b27a3c52-9cbb-45ae-8df4-06df132ce3ce','e55b1013-7e79-4e38-913e-c53de591f85c','b4891ac9-bb9c-4c63-977d-038890607b98','2025-07-03 06:23:57','2025-07-03 06:23:57'),('906e7325-a5f4-41d4-a11d-32199dc53b58','328a65bd-ef90-40ed-9e57-d46dec2374ed','2840c515-644f-4313-9c30-ecfe7dd1cbe8','e85c40e7-6f29-4e22-9787-6ed289c36429','2025-07-02 06:34:42','2025-07-02 06:34:42'),('912dcc0f-dae5-497f-a4b2-bdbbd55ee12e','06771608-e3ce-4212-bf21-f956fd68dc04','6592897b-b9fb-4b02-a5d5-7fd0ab4fcb2e','b4891ac9-bb9c-4c63-977d-038890607b98','2025-07-01 10:48:10','2025-07-01 10:48:10'),('9e1b4f73-ad37-4bcd-9f01-d8667ac094d6','328a65bd-ef90-40ed-9e57-d46dec2374ed','4e543605-21a0-4373-8434-7f9809abea33','f47ac10b-58cc-4372-a567-0e02b2c3d479','2025-07-02 06:34:50','2025-07-02 06:34:50'),('a9d41da5-41ca-4a15-8509-0ef712713829','8fe5a7d8-8bf9-468d-8afd-6f50443fcf8b','2e74429e-2aab-4bed-a979-6ccbdef74596','b4891ac9-bb9c-4c63-977d-038890607b98','2025-07-04 06:38:43','2025-07-04 06:38:43'),('ae496aae-3bb1-40a4-ac6d-4f7b57a9f41e','8fe5a7d8-8bf9-468d-8afd-6f50443fcf8b','85d80fef-9a4b-4878-b647-63301e934b51','b4891ac9-bb9c-4c63-977d-038890607b98','2025-07-04 06:38:33','2025-07-04 06:38:33'),('afb5da32-a141-4c6d-acc6-2dec2132e93a','8fe5a7d8-8bf9-468d-8afd-6f50443fcf8b','172b28c4-ec0d-4f5c-a859-ff8299ff6243','b4891ac9-bb9c-4c63-977d-038890607b98','2025-07-04 06:38:03','2025-07-04 06:38:03'),('b6ad0cc2-8f2f-4aca-95d3-92c76fd09979','b27a3c52-9cbb-45ae-8df4-06df132ce3ce','4e543605-21a0-4373-8434-7f9809abea33','b4891ac9-bb9c-4c63-977d-038890607b98','2025-07-03 06:23:19','2025-07-03 06:23:19'),('c0245b27-3923-4eaf-9c4a-2708190cf30c','328a65bd-ef90-40ed-9e57-d46dec2374ed','920b6b2f-18f0-4f27-b3b8-3b5760f6afc8','b4891ac9-bb9c-4c63-977d-038890607b98','2025-07-02 06:35:11','2025-07-02 06:35:11'),('c4f22904-fc62-4854-8695-df52a111a990','8fe5a7d8-8bf9-468d-8afd-6f50443fcf8b','7baf82c3-c592-43fa-aac0-b53fbd8e9a1d','f47ac10b-58cc-4372-a567-0e02b2c3d479','2025-07-04 06:38:25','2025-07-04 06:38:25'),('c647f682-ad70-4e1b-95f2-9c00d2067e60','b27a3c52-9cbb-45ae-8df4-06df132ce3ce','c965e4e3-e132-43f0-94ce-1b41d33a9f05','b4891ac9-bb9c-4c63-977d-038890607b98','2025-07-03 06:23:15','2025-07-03 06:23:15'),('c6e02fb6-4c6d-4c5b-931a-423626791449','06771608-e3ce-4212-bf21-f956fd68dc04','920b6b2f-18f0-4f27-b3b8-3b5760f6afc8','b4891ac9-bb9c-4c63-977d-038890607b98','2025-07-01 10:48:13','2025-07-01 10:48:13'),('c7ab670c-5fa7-4f80-ac65-f826107cc7d6','06771608-e3ce-4212-bf21-f956fd68dc04','6ea8a4e6-b931-4ae0-acac-2fac2f23cfe2','b4891ac9-bb9c-4c63-977d-038890607b98','2025-07-01 10:48:18','2025-07-01 10:48:18'),('cabfa7c4-5f07-40e7-95cb-cb98473dde26','8fe5a7d8-8bf9-468d-8afd-6f50443fcf8b','12055968-78d3-4404-a05f-10e039217936','b4891ac9-bb9c-4c63-977d-038890607b98','2025-07-04 06:38:14','2025-07-04 06:38:14'),('d52524ab-7795-4955-b453-89478477ce98','328a65bd-ef90-40ed-9e57-d46dec2374ed','c965e4e3-e132-43f0-94ce-1b41d33a9f05','b4891ac9-bb9c-4c63-977d-038890607b98','2025-07-02 06:34:47','2025-07-02 06:34:47'),('db34465b-3e86-4a37-9d8e-eac27f17941c','b27a3c52-9cbb-45ae-8df4-06df132ce3ce','2840c515-644f-4313-9c30-ecfe7dd1cbe8','e85c40e7-6f29-4e22-9787-6ed289c36429','2025-07-03 06:24:25','2025-07-03 06:24:25'),('dd3e5d7e-4d86-45a5-b89e-18ec677b98ab','8fe5a7d8-8bf9-468d-8afd-6f50443fcf8b','4e543605-21a0-4373-8434-7f9809abea33','b4891ac9-bb9c-4c63-977d-038890607b98','2025-07-04 06:38:46','2025-07-04 06:38:46'),('ddcd3273-626d-4afb-a937-aa318fe2875a','b27a3c52-9cbb-45ae-8df4-06df132ce3ce','12055968-78d3-4404-a05f-10e039217936','f47ac10b-58cc-4372-a567-0e02b2c3d479','2025-07-03 06:24:06','2025-07-03 06:24:06'),('e3e60c49-eb87-4ec4-bcae-56c9196b79ae','06771608-e3ce-4212-bf21-f956fd68dc04','fabfccff-9e98-4965-83c2-97f388a7672e','b4891ac9-bb9c-4c63-977d-038890607b98','2025-07-01 10:48:21','2025-07-01 10:48:21'),('ea879eb0-6636-4269-a155-526aa666c4b7','b27a3c52-9cbb-45ae-8df4-06df132ce3ce','172b28c4-ec0d-4f5c-a859-ff8299ff6243','b4891ac9-bb9c-4c63-977d-038890607b98','2025-07-03 06:24:37','2025-07-03 06:24:37'),('fb21d9d1-d681-419d-889f-b27bbc7d93f7','328a65bd-ef90-40ed-9e57-d46dec2374ed','b4bcc3bc-729a-49fe-bf6e-1c30fcac37b3','b4891ac9-bb9c-4c63-977d-038890607b98','2025-07-02 06:36:02','2025-07-02 06:36:02'),('fd937b8e-64df-437e-a87d-473cbd19ecaf','06771608-e3ce-4212-bf21-f956fd68dc04','c3052ff8-8339-4e02-b4ed-efee9365e7c2','b4891ac9-bb9c-4c63-977d-038890607b98','2025-07-01 10:48:19','2025-07-01 10:48:19');
/*!40000 ALTER TABLE `shift_porter_building_assignments` ENABLE KEYS */;
UNLOCK TABLES;

--
-- Table structure for table `shift_porter_pool`
--

DROP TABLE IF EXISTS `shift_porter_pool`;
/*!40101 SET @saved_cs_client     = @@character_set_client */;
/*!50503 SET character_set_client = utf8mb4 */;
CREATE TABLE `shift_porter_pool` (
  `id` char(36) CHARACTER SET utf8mb4 COLLATE utf8mb4_unicode_ci NOT NULL DEFAULT (uuid()),
  `shift_id` char(36) CHARACTER SET utf8mb4 COLLATE utf8mb4_unicode_ci NOT NULL,
  `porter_id` char(36) CHARACTER SET utf8mb4 COLLATE utf8mb4_unicode_ci NOT NULL,
  `created_at` timestamp NULL DEFAULT CURRENT_TIMESTAMP,
  `updated_at` timestamp NULL DEFAULT CURRENT_TIMESTAMP ON UPDATE CURRENT_TIMESTAMP,
  `is_supervisor` tinyint(1) DEFAULT '0',
  PRIMARY KEY (`id`),
  UNIQUE KEY `unique_shift_porter` (`shift_id`,`porter_id`),
  KEY `idx_shift_porter_pool_shift_id` (`shift_id`),
  KEY `idx_shift_porter_pool_porter_id` (`porter_id`),
  KEY `idx_shift_porter_pool_is_supervisor` (`is_supervisor`),
  CONSTRAINT `shift_porter_pool_ibfk_1` FOREIGN KEY (`shift_id`) REFERENCES `shifts` (`id`) ON DELETE CASCADE,
  CONSTRAINT `shift_porter_pool_ibfk_2` FOREIGN KEY (`porter_id`) REFERENCES `staff` (`id`) ON DELETE CASCADE
) ENGINE=InnoDB DEFAULT CHARSET=utf8mb4 COLLATE=utf8mb4_unicode_ci;
/*!40101 SET character_set_client = @saved_cs_client */;

--
-- Dumping data for table `shift_porter_pool`
--

LOCK TABLES `shift_porter_pool` WRITE;
/*!40000 ALTER TABLE `shift_porter_pool` DISABLE KEYS */;
INSERT INTO `shift_porter_pool` VALUES ('0224a65f-a65f-4ca2-8958-2ac6c38cf18a','b27a3c52-9cbb-45ae-8df4-06df132ce3ce','c965e4e3-e132-43f0-94ce-1b41d33a9f05','2025-07-03 06:18:46','2025-07-03 06:18:46',0),('024a7559-8040-4cfa-af0e-c3650b85fb65','d5bed006-83c4-4b75-8c23-1903df2f7324','4b49d53b-2473-4cc9-9b08-221a6548a93d','2025-06-26 17:57:18','2025-06-26 17:57:18',0),('02b6f12d-9561-499f-986d-cb302a1eef29','b27a3c52-9cbb-45ae-8df4-06df132ce3ce','f233a4cb-cd6d-4c6a-8fd6-01eea72a9fb0','2025-07-03 06:18:46','2025-07-03 06:18:46',0),('02d81a91-db79-433a-8dc8-45792b171d65','328a65bd-ef90-40ed-9e57-d46dec2374ed','aee3e923-d013-4da1-8404-6dfe4f07c135','2025-07-02 06:29:51','2025-07-02 06:29:51',0),('05702327-0a03-4b5d-86b4-a297abf8344b','e9a460ec-bd19-4176-a315-6633f200add7','4b49d53b-2473-4cc9-9b08-221a6548a93d','2025-06-25 00:02:09','2025-06-25 00:02:09',0),('073efe2c-3617-4e84-b1d4-c3f5abe8c97d','79dddcc3-f55f-495c-882c-2723d518248a','5bfb19a8-f295-4e17-b63d-01166fd22acf','2025-06-26 21:13:21','2025-06-26 21:13:21',0),('092c0db4-1b75-452c-a917-6d3e3a2a0d83','06771608-e3ce-4212-bf21-f956fd68dc04','80d77d87-0ab0-4a96-9dc8-8e23a5020ce2','2025-06-30 15:42:17','2025-06-30 15:42:17',0),('09351f02-118f-4127-9faa-8de28a7dfb3f','8db2d484-414b-45b8-ab66-22ed95892d17','63f5c89b-661d-40e5-a810-7fba772d4dc5','2025-06-30 15:03:10','2025-06-30 15:03:10',0),('0e00152f-73a5-4993-9b5e-388d64dd3656','328a65bd-ef90-40ed-9e57-d46dec2374ed','fabfccff-9e98-4965-83c2-97f388a7672e','2025-07-02 06:29:51','2025-07-02 06:29:51',0),('0fab5604-16d8-4943-a308-4999e68db7c1','79dddcc3-f55f-495c-882c-2723d518248a','8da75157-4cc6-4da6-84f5-6dee3a9fce27','2025-06-26 21:13:15','2025-06-26 21:13:15',0),('11ee33a7-37e5-472c-8407-3110ec55ecfc','8fe5a7d8-8bf9-468d-8afd-6f50443fcf8b','12055968-78d3-4404-a05f-10e039217936','2025-07-04 06:30:15','2025-07-04 06:30:15',0),('12956d6e-7f03-48e8-b856-ca08d9f06c79','d2fb94a3-ffa9-4696-975a-b74d27927c23','63f5c89b-661d-40e5-a810-7fba772d4dc5','2025-06-25 00:45:13','2025-06-25 00:45:13',0),('13e35924-edf3-4a3d-8eca-bb857080501f','9ecdca87-4206-416b-9b84-f0b83cae1fad','b96a6ffa-6f54-4eab-a1c8-5c65dc7223da','2025-06-25 17:26:36','2025-06-25 17:26:36',0),('14a1b089-70b2-4ef3-bba2-97071d3d80ee','328a65bd-ef90-40ed-9e57-d46dec2374ed','4e543605-21a0-4373-8434-7f9809abea33','2025-07-02 06:29:52','2025-07-02 06:29:52',0),('15923714-a09a-440e-8bec-3ceb2082aec6','8db2d484-414b-45b8-ab66-22ed95892d17','c162858c-9815-43e3-9bcb-0c709bd8eef0','2025-06-30 15:02:17','2025-06-30 15:02:17',0),('16be75b5-ba2b-492f-98f0-f86fb9f363c3','8fe5a7d8-8bf9-468d-8afd-6f50443fcf8b','4e543605-21a0-4373-8434-7f9809abea33','2025-07-04 06:30:16','2025-07-04 06:30:16',0),('18de5d6d-a7a7-40c7-b298-1d2c909a864b','b27a3c52-9cbb-45ae-8df4-06df132ce3ce','358aa759-e11e-40b0-b886-37481c5eb6c0','2025-07-03 03:48:32','2025-07-03 03:48:32',1),('1a4b384e-b3d6-4689-979c-828618cb87d8','06771608-e3ce-4212-bf21-f956fd68dc04','4e543605-21a0-4373-8434-7f9809abea33','2025-06-30 15:42:18','2025-06-30 15:42:18',0),('1d347433-89bf-4a10-8ea9-7b55f747b057','328a65bd-ef90-40ed-9e57-d46dec2374ed','172b28c4-ec0d-4f5c-a859-ff8299ff6243','2025-07-02 06:29:51','2025-07-02 06:29:51',0),('2356d952-f211-43fc-9ae2-0a800e199ed5','8fe5a7d8-8bf9-468d-8afd-6f50443fcf8b','172b28c4-ec0d-4f5c-a859-ff8299ff6243','2025-07-04 06:30:15','2025-07-04 06:30:15',0),('25a7d507-bc86-4222-b26f-0186a253301e','8db2d484-414b-45b8-ab66-22ed95892d17','fabfccff-9e98-4965-83c2-97f388a7672e','2025-06-30 15:04:02','2025-06-30 15:04:02',0),('280e1a54-6017-456e-a8cb-3d5d525bdbf2','328a65bd-ef90-40ed-9e57-d46dec2374ed','2840c515-644f-4313-9c30-ecfe7dd1cbe8','2025-07-02 06:29:51','2025-07-02 06:29:51',0),('2b507a53-8ef0-4b66-8793-c5151fba6caa','8db2d484-414b-45b8-ab66-22ed95892d17','1a21db6c-9a35-48ca-a3b0-06284bec8beb','2025-06-30 15:02:17','2025-06-30 15:02:17',0),('2cd367f9-d4dd-4969-8dc6-fb218292362b','8fe5a7d8-8bf9-468d-8afd-6f50443fcf8b','a55d23b5-154f-425b-a0b3-11d5e3ef5ffd','2025-07-04 06:40:52','2025-07-04 06:40:52',0),('2cfadae1-8be2-46e2-8804-d29d0e0b0050','8fe5a7d8-8bf9-468d-8afd-6f50443fcf8b','c965e4e3-e132-43f0-94ce-1b41d33a9f05','2025-07-04 06:30:15','2025-07-04 06:30:15',0),('308cc9b5-a256-496d-a803-7b707a9a62ed','cc307153-0727-4d65-a47f-c8c3d007e1af','5bfb19a8-f295-4e17-b63d-01166fd22acf','2025-06-25 01:51:45','2025-06-25 01:51:45',0),('316a314f-5870-405c-a4ed-09089748279a','79dddcc3-f55f-495c-882c-2723d518248a','4b49d53b-2473-4cc9-9b08-221a6548a93d','2025-06-26 21:13:14','2025-06-26 21:13:14',0),('32af02e4-03e8-4d15-8f96-605f79bb64a9','8db2d484-414b-45b8-ab66-22ed95892d17','80d77d87-0ab0-4a96-9dc8-8e23a5020ce2','2025-06-30 15:02:17','2025-06-30 15:02:17',0),('3552548c-bae4-4517-98f7-a424c9cc6641','9ecdca87-4206-416b-9b84-f0b83cae1fad','1aaab277-ecf2-40dd-a764-eaaf8af7615b','2025-06-25 17:12:27','2025-06-25 17:12:27',0),('3660ec34-fbc5-424a-aff2-1db666aa86e1','d5bed006-83c4-4b75-8c23-1903df2f7324','5bfb19a8-f295-4e17-b63d-01166fd22acf','2025-06-26 17:57:18','2025-06-26 17:57:18',0),('36b69cb4-a8a5-4b43-842b-4278e681add1','8db2d484-414b-45b8-ab66-22ed95892d17','c3052ff8-8339-4e02-b4ed-efee9365e7c2','2025-06-30 15:02:17','2025-06-30 15:02:17',0),('389407d5-b198-4808-8378-c954c9177d35','ce859bcc-7e2f-49db-b33a-886cc6fbf60c','358aa759-e11e-40b0-b886-37481c5eb6c0','2025-06-30 15:08:06','2025-06-30 15:08:06',1),('3b91343f-251d-40b9-80c1-873d2c6f4d3f','06771608-e3ce-4212-bf21-f956fd68dc04','f233a4cb-cd6d-4c6a-8fd6-01eea72a9fb0','2025-06-30 15:42:18','2025-06-30 15:42:18',0),('3ca65a4b-b4ab-4d15-a4b7-848bdfa91620','06771608-e3ce-4212-bf21-f956fd68dc04','c3052ff8-8339-4e02-b4ed-efee9365e7c2','2025-06-30 15:42:17','2025-06-30 15:42:17',0),('3ea3fe2e-6999-4666-b4a7-2ad13595cc96','9ecdca87-4206-416b-9b84-f0b83cae1fad','4ee5cc9a-fa83-4455-8df9-a6c620570a17','2025-06-25 17:06:31','2025-06-25 17:06:31',1),('4826f267-81c7-4c52-b2a6-58380d305480','79dddcc3-f55f-495c-882c-2723d518248a','1f1e61c3-848c-441c-8b89-8a85e16285df','2025-06-26 21:13:14','2025-06-26 21:13:14',0),('48e52ba1-2c02-4112-a646-48e09b8b598d','328a65bd-ef90-40ed-9e57-d46dec2374ed','12055968-78d3-4404-a05f-10e039217936','2025-07-02 06:29:51','2025-07-02 06:29:51',0),('4970293a-af51-4a7a-a35b-3efc745815b4','328a65bd-ef90-40ed-9e57-d46dec2374ed','c965e4e3-e132-43f0-94ce-1b41d33a9f05','2025-07-02 06:29:51','2025-07-02 06:29:51',0),('4f5e7b8b-7382-4794-98ce-a150cd45fa6d','8fe5a7d8-8bf9-468d-8afd-6f50443fcf8b','b96a6ffa-6f54-4eab-a1c8-5c65dc7223da','2025-07-04 06:41:08','2025-07-04 06:41:08',0),('4fe6f5ef-d6ea-40a3-8596-83275a2cb8d9','06771608-e3ce-4212-bf21-f956fd68dc04','e9cf3a23-c94a-409b-aa71-d42602e54068','2025-06-30 15:42:17','2025-06-30 15:42:17',0),('558d1f21-27da-40e3-b0a8-84448dc13d06','8e9345bb-939b-4ef8-a3ce-a35e396b921d','8da75157-4cc6-4da6-84f5-6dee3a9fce27','2025-06-24 20:56:32','2025-06-24 20:56:32',0),('55c6c126-41ed-4716-8d56-7319a8962443','d2fb94a3-ffa9-4696-975a-b74d27927c23','8da75157-4cc6-4da6-84f5-6dee3a9fce27','2025-06-25 00:45:51','2025-06-25 00:45:51',0),('57823da0-aa06-4838-b303-fbeef34b9bdf','e9a460ec-bd19-4176-a315-6633f200add7','8da75157-4cc6-4da6-84f5-6dee3a9fce27','2025-06-25 00:02:38','2025-06-25 00:02:38',0),('5977c6e1-b970-44df-bdd4-26b7183d454d','cc307153-0727-4d65-a47f-c8c3d007e1af','1aaab277-ecf2-40dd-a764-eaaf8af7615b','2025-06-25 02:24:14','2025-06-25 02:24:14',0),('59d8ac7f-7c05-4762-a203-5f4798d33791','9ecdca87-4206-416b-9b84-f0b83cae1fad','af42f57f-1437-4320-b1a2-2b0051948de3','2025-06-25 17:14:28','2025-06-25 17:14:28',0),('5a0ae1ad-1869-421b-97ed-36e67c3fbf24','b27a3c52-9cbb-45ae-8df4-06df132ce3ce','e55b1013-7e79-4e38-913e-c53de591f85c','2025-07-03 06:18:46','2025-07-03 06:18:46',0),('5d397a38-0cc1-487c-9a9b-b1bb95361c4c','06771608-e3ce-4212-bf21-f956fd68dc04','a55d23b5-154f-425b-a0b3-11d5e3ef5ffd','2025-07-01 10:49:40','2025-07-01 10:49:40',0),('5df8730f-bc67-45d1-aaa3-ec4e3e4f83e0','8fe5a7d8-8bf9-468d-8afd-6f50443fcf8b','aee3e923-d013-4da1-8404-6dfe4f07c135','2025-07-04 06:30:15','2025-07-04 06:30:15',0),('64d6157c-1343-497e-886e-d3f8e722892c','cc307153-0727-4d65-a47f-c8c3d007e1af','af42f57f-1437-4320-b1a2-2b0051948de3','2025-06-25 01:51:45','2025-06-25 01:51:45',0),('673c3326-cb93-48cf-9a06-afb6d79c5c10','b7378cab-ab71-4158-a44e-e5724703aa11','4ee5cc9a-fa83-4455-8df9-a6c620570a17','2025-06-26 18:04:15','2025-06-26 18:04:15',1),('6ebb955a-7095-4942-8f08-6809e2d45a02','8fe5a7d8-8bf9-468d-8afd-6f50443fcf8b','e55b1013-7e79-4e38-913e-c53de591f85c','2025-07-04 06:30:15','2025-07-04 06:30:15',0),('6f427687-0a51-488f-9536-29638da47c57','cc307153-0727-4d65-a47f-c8c3d007e1af','4b49d53b-2473-4cc9-9b08-221a6548a93d','2025-06-25 01:51:45','2025-06-25 01:51:45',0),('6f495d85-37c0-4a82-8851-5331c7155880','328a65bd-ef90-40ed-9e57-d46dec2374ed','920b6b2f-18f0-4f27-b3b8-3b5760f6afc8','2025-07-02 06:29:52','2025-07-02 06:29:52',0),('70962146-777c-42b0-8240-d728fe214025','b7378cab-ab71-4158-a44e-e5724703aa11','63f5c89b-661d-40e5-a810-7fba772d4dc5','2025-06-26 21:10:36','2025-06-26 21:10:36',0),('722a31a8-060a-467a-b1ca-f96324c47452','79dddcc3-f55f-495c-882c-2723d518248a','af42f57f-1437-4320-b1a2-2b0051948de3','2025-06-27 01:13:22','2025-06-27 01:13:22',0),('728d4c65-c6f2-43e7-93fb-2679abd28492','06771608-e3ce-4212-bf21-f956fd68dc04','fabfccff-9e98-4965-83c2-97f388a7672e','2025-06-30 15:42:18','2025-06-30 15:42:18',0),('731fd20d-ed72-4c96-a5d6-5e518710e632','b7378cab-ab71-4158-a44e-e5724703aa11','8da75157-4cc6-4da6-84f5-6dee3a9fce27','2025-06-26 21:10:37','2025-06-26 21:10:37',0),('74df59e1-2d60-41bb-8811-a3a62a73dc9f','8fe5a7d8-8bf9-468d-8afd-6f50443fcf8b','4ee5cc9a-fa83-4455-8df9-a6c620570a17','2025-07-05 12:11:22','2025-07-05 12:11:22',1),('75f0c4fd-400a-406e-a84b-69ad3e8f781a','06771608-e3ce-4212-bf21-f956fd68dc04','2ef290c6-6c61-4d37-be45-d08ae6afc097','2025-06-30 15:42:17','2025-06-30 15:42:17',0),('773e37ab-abf2-4379-84e4-d28c41f419c8','328a65bd-ef90-40ed-9e57-d46dec2374ed','358aa759-e11e-40b0-b886-37481c5eb6c0','2025-07-02 06:27:31','2025-07-02 06:27:31',1),('7d0fde6d-d4c2-4e19-88b8-74ba109559e5','8db2d484-414b-45b8-ab66-22ed95892d17','6ea8a4e6-b931-4ae0-acac-2fac2f23cfe2','2025-06-30 15:02:17','2025-06-30 15:02:17',0),('7efddea4-194e-4ae6-900f-bc8f5048f45a','d5bed006-83c4-4b75-8c23-1903df2f7324','8da75157-4cc6-4da6-84f5-6dee3a9fce27','2025-06-26 17:57:18','2025-06-26 17:57:18',0),('7f28c4f8-2871-4e54-8c0c-0a4c33fdc403','328a65bd-ef90-40ed-9e57-d46dec2374ed','e55b1013-7e79-4e38-913e-c53de591f85c','2025-07-02 06:29:51','2025-07-02 06:29:51',0),('7ff15d01-7465-4eca-a5d7-99559c20910e','b27a3c52-9cbb-45ae-8df4-06df132ce3ce','2e74429e-2aab-4bed-a979-6ccbdef74596','2025-07-03 06:19:05','2025-07-03 06:19:05',0),('81b08c6b-f592-4b15-bb15-73ee9f20386f','8db2d484-414b-45b8-ab66-22ed95892d17','6592897b-b9fb-4b02-a5d5-7fd0ab4fcb2e','2025-06-30 15:00:07','2025-06-30 15:00:07',0),('84846703-9c82-4222-89ee-ab877e298e71','d5bed006-83c4-4b75-8c23-1903df2f7324','63f5c89b-661d-40e5-a810-7fba772d4dc5','2025-06-26 17:57:18','2025-06-26 17:57:18',0),('898071c9-e37d-4e4a-b7e0-0e80490f0654','8db2d484-414b-45b8-ab66-22ed95892d17','6e772f6a-e4e8-422a-b21b-ff677b625471','2025-06-30 15:04:03','2025-06-30 15:04:03',0),('8a79f19d-79ad-4072-8e20-7e80f5162d51','8fe5a7d8-8bf9-468d-8afd-6f50443fcf8b','358aa759-e11e-40b0-b886-37481c5eb6c0','2025-07-04 06:27:40','2025-07-04 06:27:40',1),('8ba77f3f-d59e-4c51-8aa3-f68f1d15d06d','cc307153-0727-4d65-a47f-c8c3d007e1af','4ee5cc9a-fa83-4455-8df9-a6c620570a17','2025-06-25 01:17:00','2025-06-25 01:17:00',1),('8bbf0323-457a-4a1f-8d56-936ca1bfeb0b','8db2d484-414b-45b8-ab66-22ed95892d17','358aa759-e11e-40b0-b886-37481c5eb6c0','2025-06-30 14:58:52','2025-06-30 14:58:52',1),('8d2f79df-a336-4e3f-8da8-22bb9ddb2189','8fe5a7d8-8bf9-468d-8afd-6f50443fcf8b','296edb55-91eb-4d73-aa43-54840cbbf20c','2025-07-04 06:30:16','2025-07-04 06:30:16',0),('8f8581f1-40e1-4de4-a8b9-9d2d85942933','8fe5a7d8-8bf9-468d-8afd-6f50443fcf8b','7baf82c3-c592-43fa-aac0-b53fbd8e9a1d','2025-07-04 06:30:15','2025-07-04 06:30:15',0),('905e52aa-5db8-448e-8f4d-a8e55f6dbf99','8db2d484-414b-45b8-ab66-22ed95892d17','f233a4cb-cd6d-4c6a-8fd6-01eea72a9fb0','2025-06-30 15:04:02','2025-06-30 15:04:02',0),('93fc3837-7bac-4d81-ba40-4da816cdd6a3','06771608-e3ce-4212-bf21-f956fd68dc04','6592897b-b9fb-4b02-a5d5-7fd0ab4fcb2e','2025-06-30 15:42:17','2025-06-30 15:42:17',0),('9671bc80-82d4-40b2-81a8-bfb4e46549af','06771608-e3ce-4212-bf21-f956fd68dc04','c162858c-9815-43e3-9bcb-0c709bd8eef0','2025-06-30 15:42:17','2025-06-30 15:42:17',0),('97e4ff5e-e52f-49d7-b83e-d13342e23240','e9a460ec-bd19-4176-a315-6633f200add7','5bfb19a8-f295-4e17-b63d-01166fd22acf','2025-06-25 00:02:37','2025-06-25 00:02:37',0),('9cb0af57-162d-4eb3-9d6a-88918a0643e5','cc307153-0727-4d65-a47f-c8c3d007e1af','63f5c89b-661d-40e5-a810-7fba772d4dc5','2025-06-25 01:51:45','2025-06-25 01:51:45',0),('9e93b765-6bba-4b21-9341-8967e2fdd4d9','8db2d484-414b-45b8-ab66-22ed95892d17','e9cf3a23-c94a-409b-aa71-d42602e54068','2025-06-30 15:02:17','2025-06-30 15:02:17',0),('a0a2b9ef-94e2-45bf-89bb-a61cb009a66b','b27a3c52-9cbb-45ae-8df4-06df132ce3ce','aee3e923-d013-4da1-8404-6dfe4f07c135','2025-07-03 06:18:46','2025-07-03 06:18:46',0),('a2236541-91a9-46cd-bd28-aedb8861b498','8fe5a7d8-8bf9-468d-8afd-6f50443fcf8b','2840c515-644f-4313-9c30-ecfe7dd1cbe8','2025-07-04 06:30:15','2025-07-04 06:30:15',0),('a3e516f8-262d-4300-9090-23de12627d87','8e9345bb-939b-4ef8-a3ce-a35e396b921d','5bfb19a8-f295-4e17-b63d-01166fd22acf','2025-06-24 20:47:05','2025-06-24 20:47:05',0),('ae3306ac-bb55-4062-bae8-3d9919739218','8fe5a7d8-8bf9-468d-8afd-6f50443fcf8b','85d80fef-9a4b-4878-b647-63301e934b51','2025-07-04 06:30:15','2025-07-04 06:30:15',0),('af612e8d-ca45-473c-942b-93814a5cef41','9ecdca87-4206-416b-9b84-f0b83cae1fad','1f1e61c3-848c-441c-8b89-8a85e16285df','2025-06-25 17:59:39','2025-06-25 17:59:39',0),('b2873d75-6d59-40ab-905d-58543a39441c','79dddcc3-f55f-495c-882c-2723d518248a','4ee5cc9a-fa83-4455-8df9-a6c620570a17','2025-06-26 21:11:54','2025-06-26 21:11:54',1),('b3737aca-1ed1-448a-b4cf-db58a83c77e8','8db2d484-414b-45b8-ab66-22ed95892d17','2ef290c6-6c61-4d37-be45-d08ae6afc097','2025-06-30 15:00:07','2025-06-30 15:00:07',0),('b44bdabc-0b15-4843-9ace-24f61f179bdc','9ecdca87-4206-416b-9b84-f0b83cae1fad','920b6b2f-18f0-4f27-b3b8-3b5760f6afc8','2025-06-25 18:03:22','2025-06-25 18:03:22',0),('b6279e4a-9255-4a26-b5a7-d675d3694ed0','d2fb94a3-ffa9-4696-975a-b74d27927c23','4b49d53b-2473-4cc9-9b08-221a6548a93d','2025-06-25 00:45:27','2025-06-25 00:45:27',0),('b8259b5b-a7a8-4f2c-a815-2f662dc3ce9e','8fe5a7d8-8bf9-468d-8afd-6f50443fcf8b','cd7e9036-99de-4236-ba6a-f38115d3b63a','2025-07-04 06:31:33','2025-07-04 06:31:33',0),('b88c3691-3be0-44d5-9bd4-68615aecf88c','06771608-e3ce-4212-bf21-f956fd68dc04','358aa759-e11e-40b0-b886-37481c5eb6c0','2025-06-30 15:34:38','2025-06-30 15:34:38',1),('b8d85329-69f3-4af0-afdc-79274bbc28c4','8db2d484-414b-45b8-ab66-22ed95892d17','920b6b2f-18f0-4f27-b3b8-3b5760f6afc8','2025-06-30 15:04:02','2025-06-30 15:04:02',0),('bbfb61dd-c89a-447a-9682-f07d094fbcf3','8e9345bb-939b-4ef8-a3ce-a35e396b921d','4b49d53b-2473-4cc9-9b08-221a6548a93d','2025-06-24 20:47:05','2025-06-24 20:47:05',0),('bc2f39b0-96b5-42dd-857a-b49d47040624','06771608-e3ce-4212-bf21-f956fd68dc04','63f5c89b-661d-40e5-a810-7fba772d4dc5','2025-06-30 15:42:17','2025-06-30 15:42:17',0),('bd3e61f9-a81b-40ba-a84d-3b5f8c6a465b','9ecdca87-4206-416b-9b84-f0b83cae1fad','63f5c89b-661d-40e5-a810-7fba772d4dc5','2025-06-25 17:13:37','2025-06-25 17:13:37',0),('c1fb73ac-e166-41a1-ad75-6402a419c3d6','d2fb94a3-ffa9-4696-975a-b74d27927c23','af42f57f-1437-4320-b1a2-2b0051948de3','2025-06-25 00:44:43','2025-06-25 00:44:43',0),('c4a4910e-53ec-4e1c-b948-abc2deb268df','d5bed006-83c4-4b75-8c23-1903df2f7324','4ee5cc9a-fa83-4455-8df9-a6c620570a17','2025-06-26 17:56:28','2025-06-26 17:56:28',1),('c6d8a2d5-a4db-48e2-b4b9-2719741e3320','d2fb94a3-ffa9-4696-975a-b74d27927c23','5bfb19a8-f295-4e17-b63d-01166fd22acf','2025-06-25 00:44:30','2025-06-25 00:44:30',0),('c8a3c5cb-59a2-4be0-9a62-fe23253451f7','9ecdca87-4206-416b-9b84-f0b83cae1fad','4b49d53b-2473-4cc9-9b08-221a6548a93d','2025-06-25 17:12:27','2025-06-25 17:12:27',0),('cd9792ff-2e8b-4708-a788-d6a02e5fc7cc','8db2d484-414b-45b8-ab66-22ed95892d17','c965e4e3-e132-43f0-94ce-1b41d33a9f05','2025-06-30 15:04:02','2025-06-30 15:04:02',0),('d1b32fb8-4a05-4f02-8568-1a0a71ba4b3b','e9a460ec-bd19-4176-a315-6633f200add7','63f5c89b-661d-40e5-a810-7fba772d4dc5','2025-06-25 00:02:37','2025-06-25 00:02:37',0),('d219cdb5-8cba-44a0-beb0-bded20ce0272','9ecdca87-4206-416b-9b84-f0b83cae1fad','5bfb19a8-f295-4e17-b63d-01166fd22acf','2025-06-25 17:12:27','2025-06-25 17:12:27',0),('d7a20062-714b-492d-ae29-f255ad2bff9a','d5bed006-83c4-4b75-8c23-1903df2f7324','af42f57f-1437-4320-b1a2-2b0051948de3','2025-06-26 17:57:18','2025-06-26 17:57:18',0),('d9e62340-13c1-4de9-a505-dc654a1a4ce4','328a65bd-ef90-40ed-9e57-d46dec2374ed','f233a4cb-cd6d-4c6a-8fd6-01eea72a9fb0','2025-07-02 06:29:51','2025-07-02 06:29:51',0),('e3d0baf6-0b71-45cd-b0dc-a3e62a68185f','e9a460ec-bd19-4176-a315-6633f200add7','af42f57f-1437-4320-b1a2-2b0051948de3','2025-06-25 00:03:04','2025-06-25 00:03:04',0),('e91d2def-f510-4851-b788-49ca370ce653','b7378cab-ab71-4158-a44e-e5724703aa11','af42f57f-1437-4320-b1a2-2b0051948de3','2025-06-26 18:04:26','2025-06-26 18:04:26',0),('eba9a672-4661-49f2-8b6b-026bd3ec61c8','b27a3c52-9cbb-45ae-8df4-06df132ce3ce','296edb55-91eb-4d73-aa43-54840cbbf20c','2025-07-03 06:18:46','2025-07-03 06:18:46',0),('ee0e5e03-47e2-42bc-a6e7-d67e257e9313','06771608-e3ce-4212-bf21-f956fd68dc04','c965e4e3-e132-43f0-94ce-1b41d33a9f05','2025-06-30 15:42:18','2025-06-30 15:42:18',0),('ef1ecb09-c5ae-4d25-a95a-fd1dd8321de3','79dddcc3-f55f-495c-882c-2723d518248a','63f5c89b-661d-40e5-a810-7fba772d4dc5','2025-06-27 01:43:04','2025-06-27 01:43:04',0),('f527a624-cc81-4143-9f60-75aefb065019','d5bed006-83c4-4b75-8c23-1903df2f7324','1f1e61c3-848c-441c-8b89-8a85e16285df','2025-06-26 17:57:18','2025-06-26 17:57:18',0),('f6083de0-6c38-4e3a-bc53-b0d8e2e6a017','b27a3c52-9cbb-45ae-8df4-06df132ce3ce','172b28c4-ec0d-4f5c-a859-ff8299ff6243','2025-07-03 06:18:46','2025-07-03 06:18:46',0),('f88ab1e5-d845-472c-995a-4067919fd190','06771608-e3ce-4212-bf21-f956fd68dc04','2e74429e-2aab-4bed-a979-6ccbdef74596','2025-07-01 10:56:26','2025-07-01 10:56:26',0),('fae10bdf-c0ad-4840-a789-c05078745e27','b27a3c52-9cbb-45ae-8df4-06df132ce3ce','12055968-78d3-4404-a05f-10e039217936','2025-07-03 06:18:46','2025-07-03 06:18:46',0),('fc426ab7-3cb6-467e-ae00-03696fc06272','aedb6287-c44a-4f2e-8d40-1a32a98d307d','4ee5cc9a-fa83-4455-8df9-a6c620570a17','2025-06-30 14:44:04','2025-06-30 14:44:04',1),('fd19cad9-963e-4621-a027-ba017313ab33','b27a3c52-9cbb-45ae-8df4-06df132ce3ce','2840c515-644f-4313-9c30-ecfe7dd1cbe8','2025-07-03 06:18:45','2025-07-03 06:18:45',0),('fefd75c3-8776-4c16-b533-f557a9f19cec','cc307153-0727-4d65-a47f-c8c3d007e1af','8da75157-4cc6-4da6-84f5-6dee3a9fce27','2025-06-25 01:51:45','2025-06-25 01:51:45',0);
/*!40000 ALTER TABLE `shift_porter_pool` ENABLE KEYS */;
UNLOCK TABLES;

--
-- Table structure for table `shift_support_service_assignments`
--

DROP TABLE IF EXISTS `shift_support_service_assignments`;
/*!40101 SET @saved_cs_client     = @@character_set_client */;
/*!50503 SET character_set_client = utf8mb4 */;
CREATE TABLE `shift_support_service_assignments` (
  `id` char(36) CHARACTER SET utf8mb4 COLLATE utf8mb4_unicode_ci NOT NULL DEFAULT (uuid()),
  `shift_id` char(36) CHARACTER SET utf8mb4 COLLATE utf8mb4_unicode_ci NOT NULL,
  `service_id` char(36) CHARACTER SET utf8mb4 COLLATE utf8mb4_unicode_ci NOT NULL,
  `start_time` time DEFAULT '08:00:00',
  `end_time` time DEFAULT '16:00:00',
  `color` varchar(20) CHARACTER SET utf8mb4 COLLATE utf8mb4_unicode_ci DEFAULT '#4285F4',
  `created_at` timestamp NULL DEFAULT CURRENT_TIMESTAMP,
  `updated_at` timestamp NULL DEFAULT CURRENT_TIMESTAMP ON UPDATE CURRENT_TIMESTAMP,
  `minimum_porters` int DEFAULT '1',
  `minimum_porters_mon` int DEFAULT '1',
  `minimum_porters_tue` int DEFAULT '1',
  `minimum_porters_wed` int DEFAULT '1',
  `minimum_porters_thu` int DEFAULT '1',
  `minimum_porters_fri` int DEFAULT '1',
  `minimum_porters_sat` int DEFAULT '1',
  `minimum_porters_sun` int DEFAULT '1',
  PRIMARY KEY (`id`),
  UNIQUE KEY `unique_shift_service` (`shift_id`,`service_id`),
  KEY `idx_shift_support_service_shift_id` (`shift_id`),
  KEY `idx_shift_support_service_service_id` (`service_id`),
  CONSTRAINT `shift_support_service_assignments_ibfk_1` FOREIGN KEY (`shift_id`) REFERENCES `shifts` (`id`) ON DELETE CASCADE,
  CONSTRAINT `shift_support_service_assignments_ibfk_2` FOREIGN KEY (`service_id`) REFERENCES `support_services` (`id`) ON DELETE CASCADE
) ENGINE=InnoDB DEFAULT CHARSET=utf8mb4 COLLATE=utf8mb4_unicode_ci;
/*!40101 SET character_set_client = @saved_cs_client */;

--
-- Dumping data for table `shift_support_service_assignments`
--

LOCK TABLES `shift_support_service_assignments` WRITE;
/*!40000 ALTER TABLE `shift_support_service_assignments` DISABLE KEYS */;
INSERT INTO `shift_support_service_assignments` VALUES ('01fbb71b-377e-4161-89c9-66b9344ec555','8fe5a7d8-8bf9-468d-8afd-6f50443fcf8b','0b5c7062-1285-4427-8387-b1b4e14eedc9','15:00:00','20:00:00','#4285F4','2025-07-04 06:27:39','2025-07-04 06:27:39',1,1,1,1,1,1,1,1),('067a6c95-ffe0-4603-b8d6-2e70f48837f6','ce859bcc-7e2f-49db-b33a-886cc6fbf60c','ce940139-6ae7-49de-a62a-0d6ba9397928','09:00:00','17:00:00','#4285F4','2025-06-30 15:08:06','2025-06-30 15:08:06',1,1,1,1,1,1,1,1),('09112b1a-4211-4e84-83f4-2d0d27eb59bb','aedb6287-c44a-4f2e-8d40-1a32a98d307d','0b5c7062-1285-4427-8387-b1b4e14eedc9','15:00:00','20:00:00','#4285F4','2025-06-30 14:44:04','2025-06-30 14:44:04',1,1,1,1,1,1,1,1),('0ab12c86-7465-11f0-adec-ea5dc1f3f876','0a7722a9-7465-11f0-adec-ea5dc1f3f876','ca184e50-8bfa-4d61-b950-c1ba8e65a7a7','08:30:00','17:00:00','#4285F4','2025-08-08 13:36:17','2025-08-08 13:36:17',4,4,4,4,4,4,4,4),('0abc9fee-7465-11f0-adec-ea5dc1f3f876','0a7722a9-7465-11f0-adec-ea5dc1f3f876','0b5c7062-1285-4427-8387-b1b4e14eedc9','15:00:00','20:00:00','#4285F4','2025-08-08 13:36:17','2025-08-08 13:36:17',1,1,1,1,1,1,1,1),('0ac5f3f4-7465-11f0-adec-ea5dc1f3f876','0a7722a9-7465-11f0-adec-ea5dc1f3f876','26c0891b-56c0-4346-8d53-de906aaa64c2','08:00:00','16:00:00','#4285F4','2025-08-08 13:36:17','2025-08-08 13:36:17',2,2,2,2,2,2,2,2),('0ad3af34-7465-11f0-adec-ea5dc1f3f876','0a7722a9-7465-11f0-adec-ea5dc1f3f876','2ad13a8b-6ea2-4926-ad4a-64c74d686658','07:00:00','15:00:00','#c8a76f','2025-08-08 13:36:17','2025-08-08 13:36:17',1,1,1,1,1,1,1,1),('0adaa77b-7465-11f0-adec-ea5dc1f3f876','0a7722a9-7465-11f0-adec-ea5dc1f3f876','ce940139-6ae7-49de-a62a-0d6ba9397928','09:00:00','17:00:00','#4285F4','2025-08-08 13:36:17','2025-08-08 13:36:17',1,1,1,1,1,1,1,1),('0ae1f533-7465-11f0-adec-ea5dc1f3f876','0a7722a9-7465-11f0-adec-ea5dc1f3f876','976ec471-fd8c-450e-a2ce-5b51993e502c','08:00:00','20:00:00','#4285F4','2025-08-08 13:36:17','2025-08-08 13:36:17',1,1,1,1,1,1,1,1),('0ae53471-7465-11f0-adec-ea5dc1f3f876','0a7722a9-7465-11f0-adec-ea5dc1f3f876','7cfa1ddf-61b0-489e-ad23-b924cf995419','07:00:00','15:00:00','#4285F4','2025-08-08 13:36:17','2025-08-08 13:36:17',2,2,2,2,2,2,2,2),('0aec097c-7465-11f0-adec-ea5dc1f3f876','0a7722a9-7465-11f0-adec-ea5dc1f3f876','30c5c045-a442-4ec8-b285-c7bc010f4d83','07:00:00','15:00:00','#4285F4','2025-08-08 13:36:17','2025-08-08 13:36:17',2,2,2,2,2,2,2,2),('0bf403d4-95ba-460d-a070-fa20981a8640','ce859bcc-7e2f-49db-b33a-886cc6fbf60c','7cfa1ddf-61b0-489e-ad23-b924cf995419','07:00:00','15:00:00','#4285F4','2025-06-30 15:08:06','2025-06-30 15:08:06',2,2,2,2,2,2,2,2),('119c253b-d70a-466c-96ef-34312fd861e7','cc307153-0727-4d65-a47f-c8c3d007e1af','976ec471-fd8c-450e-a2ce-5b51993e502c','20:00:00','01:00:00','#4285F4','2025-06-25 01:17:00','2025-06-25 01:17:00',1,1,1,1,1,1,1,1),('19f78340-0079-406b-85ed-55b296a2070e','328a65bd-ef90-40ed-9e57-d46dec2374ed','2ad13a8b-6ea2-4926-ad4a-64c74d686658','07:00:00','15:00:00','#c8a76f','2025-07-02 06:27:31','2025-07-02 06:27:31',1,1,1,1,1,1,1,1),('1aba36cf-7ee9-4a6f-8ac8-13e01e23c6fb','b27a3c52-9cbb-45ae-8df4-06df132ce3ce','0b5c7062-1285-4427-8387-b1b4e14eedc9','15:00:00','20:00:00','#4285F4','2025-07-03 03:48:32','2025-07-03 03:48:32',1,1,1,1,1,1,1,1),('1ac05208-8887-4ad9-91ed-b50982851c88','328a65bd-ef90-40ed-9e57-d46dec2374ed','976ec471-fd8c-450e-a2ce-5b51993e502c','08:00:00','20:00:00','#4285F4','2025-07-02 06:27:31','2025-07-02 06:27:31',1,1,1,1,1,1,1,1),('21e724bc-475e-42ff-aaf3-6da42bda54e1','b27a3c52-9cbb-45ae-8df4-06df132ce3ce','7cfa1ddf-61b0-489e-ad23-b924cf995419','07:00:00','15:00:00','#4285F4','2025-07-03 03:48:32','2025-07-03 03:48:32',2,2,2,2,2,2,2,2),('237c12ea-eb57-4abf-97e6-35f4e36a9836','06771608-e3ce-4212-bf21-f956fd68dc04','0b5c7062-1285-4427-8387-b1b4e14eedc9','15:00:00','20:00:00','#4285F4','2025-06-30 15:34:38','2025-06-30 15:34:38',1,1,1,1,1,1,1,1),('28dc9f2f-7469-11f0-adec-ea5dc1f3f876','289a1de2-7469-11f0-adec-ea5dc1f3f876','ca184e50-8bfa-4d61-b950-c1ba8e65a7a7','08:30:00','17:00:00','#4285F4','2025-08-08 14:05:45','2025-08-08 14:05:45',4,4,4,4,4,4,4,4),('28e9e93b-7469-11f0-adec-ea5dc1f3f876','289a1de2-7469-11f0-adec-ea5dc1f3f876','0b5c7062-1285-4427-8387-b1b4e14eedc9','15:00:00','20:00:00','#4285F4','2025-08-08 14:05:46','2025-08-08 14:05:46',1,1,1,1,1,1,1,1),('28ed3e1d-7469-11f0-adec-ea5dc1f3f876','289a1de2-7469-11f0-adec-ea5dc1f3f876','26c0891b-56c0-4346-8d53-de906aaa64c2','08:00:00','16:00:00','#4285F4','2025-08-08 14:05:46','2025-08-08 14:05:46',2,2,2,2,2,2,2,2),('28f4e617-7469-11f0-adec-ea5dc1f3f876','289a1de2-7469-11f0-adec-ea5dc1f3f876','2ad13a8b-6ea2-4926-ad4a-64c74d686658','07:00:00','15:00:00','#c8a76f','2025-08-08 14:05:46','2025-08-08 14:05:46',1,1,1,1,1,1,1,1),('28fb88bd-7469-11f0-adec-ea5dc1f3f876','289a1de2-7469-11f0-adec-ea5dc1f3f876','ce940139-6ae7-49de-a62a-0d6ba9397928','09:00:00','17:00:00','#4285F4','2025-08-08 14:05:46','2025-08-08 14:05:46',1,1,1,1,1,1,1,1),('290297e5-7469-11f0-adec-ea5dc1f3f876','289a1de2-7469-11f0-adec-ea5dc1f3f876','976ec471-fd8c-450e-a2ce-5b51993e502c','08:00:00','20:00:00','#4285F4','2025-08-08 14:05:46','2025-08-08 14:05:46',1,1,1,1,1,1,1,1),('2904f1a4-7469-11f0-adec-ea5dc1f3f876','289a1de2-7469-11f0-adec-ea5dc1f3f876','7cfa1ddf-61b0-489e-ad23-b924cf995419','07:00:00','15:00:00','#4285F4','2025-08-08 14:05:46','2025-08-08 14:05:46',2,2,2,2,2,2,2,2),('290bceab-7469-11f0-adec-ea5dc1f3f876','289a1de2-7469-11f0-adec-ea5dc1f3f876','30c5c045-a442-4ec8-b285-c7bc010f4d83','07:00:00','15:00:00','#4285F4','2025-08-08 14:05:46','2025-08-08 14:05:46',2,2,2,2,2,2,2,2),('2945b9e9-5ddb-4075-9faf-bb2179a43209','ce859bcc-7e2f-49db-b33a-886cc6fbf60c','ca184e50-8bfa-4d61-b950-c1ba8e65a7a7','08:30:00','17:00:00','#4285F4','2025-06-30 15:08:06','2025-06-30 15:08:06',4,4,4,4,4,4,4,4),('2989c498-7465-11f0-adec-ea5dc1f3f876','2956d476-7465-11f0-adec-ea5dc1f3f876','ca184e50-8bfa-4d61-b950-c1ba8e65a7a7','08:30:00','17:00:00','#4285F4','2025-08-08 13:37:09','2025-08-08 13:37:09',4,4,4,4,4,4,4,4),('2996fb16-7465-11f0-adec-ea5dc1f3f876','2956d476-7465-11f0-adec-ea5dc1f3f876','0b5c7062-1285-4427-8387-b1b4e14eedc9','15:00:00','20:00:00','#4285F4','2025-08-08 13:37:09','2025-08-08 13:37:09',1,1,1,1,1,1,1,1),('299b1ce0-7465-11f0-adec-ea5dc1f3f876','2956d476-7465-11f0-adec-ea5dc1f3f876','26c0891b-56c0-4346-8d53-de906aaa64c2','08:00:00','16:00:00','#4285F4','2025-08-08 13:37:09','2025-08-08 13:37:09',2,2,2,2,2,2,2,2),('29a569f5-7465-11f0-adec-ea5dc1f3f876','2956d476-7465-11f0-adec-ea5dc1f3f876','2ad13a8b-6ea2-4926-ad4a-64c74d686658','07:00:00','15:00:00','#c8a76f','2025-08-08 13:37:09','2025-08-08 13:37:09',1,1,1,1,1,1,1,1),('29ae47e5-7465-11f0-adec-ea5dc1f3f876','2956d476-7465-11f0-adec-ea5dc1f3f876','ce940139-6ae7-49de-a62a-0d6ba9397928','09:00:00','17:00:00','#4285F4','2025-08-08 13:37:09','2025-08-08 13:37:09',1,1,1,1,1,1,1,1),('29b5dee6-7465-11f0-adec-ea5dc1f3f876','2956d476-7465-11f0-adec-ea5dc1f3f876','976ec471-fd8c-450e-a2ce-5b51993e502c','08:00:00','20:00:00','#4285F4','2025-08-08 13:37:09','2025-08-08 13:37:09',1,1,1,1,1,1,1,1),('29b881af-7465-11f0-adec-ea5dc1f3f876','2956d476-7465-11f0-adec-ea5dc1f3f876','7cfa1ddf-61b0-489e-ad23-b924cf995419','07:00:00','15:00:00','#4285F4','2025-08-08 13:37:09','2025-08-08 13:37:09',2,2,2,2,2,2,2,2),('29c28a85-7465-11f0-adec-ea5dc1f3f876','2956d476-7465-11f0-adec-ea5dc1f3f876','30c5c045-a442-4ec8-b285-c7bc010f4d83','07:00:00','15:00:00','#4285F4','2025-08-08 13:37:09','2025-08-08 13:37:09',2,2,2,2,2,2,2,2),('2ac9293b-e740-4888-9ea2-9ab645051b0f','328a65bd-ef90-40ed-9e57-d46dec2374ed','5c0d3048-e3c9-4efb-a772-1ebf1253e72a','17:00:00','19:00:00','#4285F4','2025-07-02 06:32:37','2025-07-02 06:32:37',1,1,1,1,1,1,1,1),('2ec5eae4-ffdf-4d74-bfb1-ef65a09e41db','d2fb94a3-ffa9-4696-975a-b74d27927c23','976ec471-fd8c-450e-a2ce-5b51993e502c','20:00:00','01:00:00','#4285F4','2025-06-25 00:39:25','2025-06-25 00:39:25',1,1,1,1,1,1,1,1),('35ea49cd-660c-4bf9-9451-6b6d2573d021','328a65bd-ef90-40ed-9e57-d46dec2374ed','7cfa1ddf-61b0-489e-ad23-b924cf995419','07:00:00','15:00:00','#4285F4','2025-07-02 06:27:31','2025-07-02 06:27:31',2,2,2,2,2,2,2,2),('373299e0-718e-4f66-8693-8fc1b9856215','b27a3c52-9cbb-45ae-8df4-06df132ce3ce','ce940139-6ae7-49de-a62a-0d6ba9397928','09:00:00','17:00:00','#4285F4','2025-07-03 03:48:32','2025-07-03 03:48:32',1,1,1,1,1,1,1,1),('37490612-ccd5-4bf7-b5c3-7a8a7e6e3fe8','d5bed006-83c4-4b75-8c23-1903df2f7324','976ec471-fd8c-450e-a2ce-5b51993e502c','20:00:00','01:00:00','#4285F4','2025-06-26 17:56:28','2025-06-26 17:56:28',1,1,1,1,1,1,1,1),('3a6628a6-0b1e-48be-8ffc-e615c5b50310','aedb6287-c44a-4f2e-8d40-1a32a98d307d','26c0891b-56c0-4346-8d53-de906aaa64c2','08:00:00','16:00:00','#4285F4','2025-06-30 14:44:04','2025-06-30 14:44:04',2,2,2,2,2,2,2,2),('3b13e4ed-9d0e-440d-8e06-41c575625893','ce859bcc-7e2f-49db-b33a-886cc6fbf60c','2ad13a8b-6ea2-4926-ad4a-64c74d686658','07:00:00','15:00:00','#c8a76f','2025-06-30 15:08:06','2025-06-30 15:08:06',1,1,1,1,1,1,1,1),('3c23bc36-c2fa-44f7-accd-e0d6b920fb8a','ce859bcc-7e2f-49db-b33a-886cc6fbf60c','0b5c7062-1285-4427-8387-b1b4e14eedc9','15:00:00','20:00:00','#4285F4','2025-06-30 15:08:06','2025-06-30 15:08:06',1,1,1,1,1,1,1,1),('3f93ee7c-f3f8-4469-9a34-5835ce1ca9cb','06771608-e3ce-4212-bf21-f956fd68dc04','976ec471-fd8c-450e-a2ce-5b51993e502c','08:00:00','20:00:00','#4285F4','2025-06-30 15:34:38','2025-06-30 15:34:38',1,1,1,1,1,1,1,1),('41e85cd4-e867-43cf-a77a-24d56e19b58b','b27a3c52-9cbb-45ae-8df4-06df132ce3ce','2ad13a8b-6ea2-4926-ad4a-64c74d686658','07:00:00','15:00:00','#c8a76f','2025-07-03 03:48:32','2025-07-03 03:48:32',1,1,1,1,1,1,1,1),('42f8109a-2e1a-49b7-92fb-d398a9434434','8fe5a7d8-8bf9-468d-8afd-6f50443fcf8b','ca184e50-8bfa-4d61-b950-c1ba8e65a7a7','08:30:00','17:00:00','#4285F4','2025-07-04 06:27:39','2025-07-04 06:27:39',4,4,4,4,4,4,4,4),('433d2667-25df-46be-aa9b-be29c05d5631','8db2d484-414b-45b8-ab66-22ed95892d17','30c5c045-a442-4ec8-b285-c7bc010f4d83','07:00:00','15:00:00','#4285F4','2025-06-30 14:58:52','2025-06-30 14:58:52',2,2,2,2,2,2,2,2),('4cc475a3-bb58-49d6-8d6e-2f5fcda3435e','8db2d484-414b-45b8-ab66-22ed95892d17','ce940139-6ae7-49de-a62a-0d6ba9397928','09:00:00','17:00:00','#4285F4','2025-06-30 14:58:52','2025-06-30 14:58:52',1,1,1,1,1,1,1,1),('4d4610cf-ff74-48ce-9cf8-eead7bd3cba0','06771608-e3ce-4212-bf21-f956fd68dc04','30c5c045-a442-4ec8-b285-c7bc010f4d83','07:00:00','15:00:00','#4285F4','2025-06-30 15:34:38','2025-06-30 15:34:38',2,2,2,2,2,2,2,2),('58cb059f-5b42-42c7-b35c-c6abdcb477ea','8fe5a7d8-8bf9-468d-8afd-6f50443fcf8b','2ad13a8b-6ea2-4926-ad4a-64c74d686658','07:00:00','15:00:00','#c8a76f','2025-07-04 06:27:39','2025-07-04 06:27:39',1,1,1,1,1,1,1,1),('59834881-4873-4c42-b410-8abeee09f6a3','8e9345bb-939b-4ef8-a3ce-a35e396b921d','976ec471-fd8c-450e-a2ce-5b51993e502c','20:00:00','01:00:00','#4285F4','2025-06-24 20:45:30','2025-06-24 20:45:30',1,1,1,1,1,1,1,1),('5aee31df-7211-486d-85a6-2a9d16a74bce','8db2d484-414b-45b8-ab66-22ed95892d17','26c0891b-56c0-4346-8d53-de906aaa64c2','08:00:00','16:00:00','#4285F4','2025-06-30 14:58:52','2025-06-30 14:58:52',2,2,2,2,2,2,2,2),('66353586-6c06-4c4c-8a50-dd15521beb62','9ecdca87-4206-416b-9b84-f0b83cae1fad','976ec471-fd8c-450e-a2ce-5b51993e502c','20:00:00','01:00:00','#4285F4','2025-06-25 17:06:30','2025-06-25 17:06:30',1,1,1,1,1,1,1,1),('6c82ac45-ab9a-4f2c-b920-535953addc48','aedb6287-c44a-4f2e-8d40-1a32a98d307d','30c5c045-a442-4ec8-b285-c7bc010f4d83','07:00:00','15:00:00','#4285F4','2025-06-30 14:44:04','2025-06-30 14:44:04',2,2,2,2,2,2,2,2),('6ea6d456-6983-4f67-88d1-e72304c9ac41','ce859bcc-7e2f-49db-b33a-886cc6fbf60c','976ec471-fd8c-450e-a2ce-5b51993e502c','08:00:00','20:00:00','#4285F4','2025-06-30 15:08:06','2025-06-30 15:08:06',1,1,1,1,1,1,1,1),('7cb5eafc-5318-4574-b810-972f6ed48e4c','aedb6287-c44a-4f2e-8d40-1a32a98d307d','ca184e50-8bfa-4d61-b950-c1ba8e65a7a7','08:30:00','17:00:00','#4285F4','2025-06-30 14:44:04','2025-06-30 14:44:04',4,4,4,4,4,4,4,4),('7d885d48-45ac-488e-8e75-0133c5979b53','ce859bcc-7e2f-49db-b33a-886cc6fbf60c','26c0891b-56c0-4346-8d53-de906aaa64c2','08:00:00','16:00:00','#4285F4','2025-06-30 15:08:06','2025-06-30 15:08:06',2,2,2,2,2,2,2,2),('7dd9a7a9-f49d-46e2-840c-40ddad8bec25','06771608-e3ce-4212-bf21-f956fd68dc04','2ad13a8b-6ea2-4926-ad4a-64c74d686658','07:00:00','15:00:00','#c8a76f','2025-06-30 15:34:38','2025-06-30 15:34:38',1,1,1,1,1,1,1,1),('7ee77574-ecb1-4888-89b5-a0f1bb3fdaa6','328a65bd-ef90-40ed-9e57-d46dec2374ed','ca184e50-8bfa-4d61-b950-c1ba8e65a7a7','08:30:00','17:00:00','#4285F4','2025-07-02 06:27:31','2025-07-02 06:27:31',4,4,4,4,4,4,4,4),('85d2fcb8-7e15-496f-ac75-4e80834e4632','8db2d484-414b-45b8-ab66-22ed95892d17','7cfa1ddf-61b0-489e-ad23-b924cf995419','07:00:00','15:00:00','#4285F4','2025-06-30 14:58:52','2025-06-30 14:58:52',2,2,2,2,2,2,2,2),('88a9adaf-d86b-4c7c-8086-48f939145331','06771608-e3ce-4212-bf21-f956fd68dc04','7cfa1ddf-61b0-489e-ad23-b924cf995419','07:00:00','15:00:00','#4285F4','2025-06-30 15:34:38','2025-06-30 15:34:38',2,2,2,2,2,2,2,2),('8a72a108-7d04-4216-9738-4f1ba6ce5cc3','8db2d484-414b-45b8-ab66-22ed95892d17','ca184e50-8bfa-4d61-b950-c1ba8e65a7a7','08:30:00','17:00:00','#4285F4','2025-06-30 14:58:52','2025-06-30 14:58:52',4,4,4,4,4,4,4,4),('90a0dcf9-8069-4938-a22d-6f3a3e7c944f','b7378cab-ab71-4158-a44e-e5724703aa11','976ec471-fd8c-450e-a2ce-5b51993e502c','20:00:00','01:00:00','#4285F4','2025-06-26 18:04:15','2025-06-26 18:04:15',1,1,1,1,1,1,1,1),('927bda07-a738-49ac-8075-5dd9cde15bbc','8db2d484-414b-45b8-ab66-22ed95892d17','2ad13a8b-6ea2-4926-ad4a-64c74d686658','07:00:00','15:00:00','#c8a76f','2025-06-30 14:58:52','2025-06-30 14:58:52',1,1,1,1,1,1,1,1),('949392a5-6220-4f18-9d61-5f4064ad0d58','79dddcc3-f55f-495c-882c-2723d518248a','976ec471-fd8c-450e-a2ce-5b51993e502c','20:00:00','01:00:00','#4285F4','2025-06-26 21:11:54','2025-06-26 21:11:54',1,1,1,1,1,1,1,1),('95ff7e81-61b7-48fd-878c-78837bd4c6db','06771608-e3ce-4212-bf21-f956fd68dc04','26c0891b-56c0-4346-8d53-de906aaa64c2','08:00:00','16:00:00','#4285F4','2025-06-30 15:34:38','2025-06-30 15:34:38',2,2,2,2,2,2,2,2),('9608694c-7bb0-4d8b-8e2d-0fcb34c62ac7','aedb6287-c44a-4f2e-8d40-1a32a98d307d','976ec471-fd8c-450e-a2ce-5b51993e502c','08:00:00','20:00:00','#4285F4','2025-06-30 14:44:04','2025-06-30 14:44:04',1,1,1,1,1,1,1,1),('995f2f85-a4e1-434c-b6e6-e976635073c2','aedb6287-c44a-4f2e-8d40-1a32a98d307d','7cfa1ddf-61b0-489e-ad23-b924cf995419','07:00:00','15:00:00','#4285F4','2025-06-30 14:44:04','2025-06-30 14:44:04',2,2,2,2,2,2,2,2),('b281a8ef-dc5e-4257-b9b6-457b2d29f1e6','b27a3c52-9cbb-45ae-8df4-06df132ce3ce','5c0d3048-e3c9-4efb-a772-1ebf1253e72a','17:00:00','19:00:00','#4285F4','2025-07-03 06:21:00','2025-07-03 06:21:00',1,1,1,1,1,1,1,1),('b5bdb206-4c98-4957-9cc4-620274564eca','328a65bd-ef90-40ed-9e57-d46dec2374ed','26c0891b-56c0-4346-8d53-de906aaa64c2','08:00:00','16:00:00','#4285F4','2025-07-02 06:27:31','2025-07-02 06:27:31',2,2,2,2,2,2,2,2),('bd909249-36db-46c6-830e-071a5183b172','ce859bcc-7e2f-49db-b33a-886cc6fbf60c','30c5c045-a442-4ec8-b285-c7bc010f4d83','07:00:00','15:00:00','#4285F4','2025-06-30 15:08:06','2025-06-30 15:08:06',2,2,2,2,2,2,2,2),('c0326ee2-ba1d-4002-b0cc-582db60b77ae','ae70fc9f-4831-45be-a314-1ef6cc5cc1ba','976ec471-fd8c-450e-a2ce-5b51993e502c','20:00:00','01:00:00','#4285F4','2025-06-25 01:14:42','2025-06-25 01:14:42',1,1,1,1,1,1,1,1),('c0bc6061-ef2a-4161-b4f2-6ccd5651a3cb','8fe5a7d8-8bf9-468d-8afd-6f50443fcf8b','7cfa1ddf-61b0-489e-ad23-b924cf995419','07:00:00','15:00:00','#4285F4','2025-07-04 06:27:39','2025-07-04 06:27:39',2,2,2,2,2,2,2,2),('c17e5829-7465-11f0-adec-ea5dc1f3f876','c15de0d5-7465-11f0-adec-ea5dc1f3f876','ca184e50-8bfa-4d61-b950-c1ba8e65a7a7','08:30:00','17:00:00','#4285F4','2025-08-08 13:41:24','2025-08-08 13:41:24',4,4,4,4,4,4,4,4),('c18fb543-7465-11f0-adec-ea5dc1f3f876','c15de0d5-7465-11f0-adec-ea5dc1f3f876','0b5c7062-1285-4427-8387-b1b4e14eedc9','15:00:00','20:00:00','#4285F4','2025-08-08 13:41:24','2025-08-08 13:41:24',1,1,1,1,1,1,1,1),('c1962c73-7465-11f0-adec-ea5dc1f3f876','c15de0d5-7465-11f0-adec-ea5dc1f3f876','26c0891b-56c0-4346-8d53-de906aaa64c2','08:00:00','16:00:00','#4285F4','2025-08-08 13:41:24','2025-08-08 13:41:24',2,2,2,2,2,2,2,2),('c1a1df1b-7465-11f0-adec-ea5dc1f3f876','c15de0d5-7465-11f0-adec-ea5dc1f3f876','2ad13a8b-6ea2-4926-ad4a-64c74d686658','07:00:00','15:00:00','#c8a76f','2025-08-08 13:41:24','2025-08-08 13:41:24',1,1,1,1,1,1,1,1),('c1aa8866-7465-11f0-adec-ea5dc1f3f876','c15de0d5-7465-11f0-adec-ea5dc1f3f876','ce940139-6ae7-49de-a62a-0d6ba9397928','09:00:00','17:00:00','#4285F4','2025-08-08 13:41:24','2025-08-08 13:41:24',1,1,1,1,1,1,1,1),('c1b39996-7465-11f0-adec-ea5dc1f3f876','c15de0d5-7465-11f0-adec-ea5dc1f3f876','976ec471-fd8c-450e-a2ce-5b51993e502c','08:00:00','20:00:00','#4285F4','2025-08-08 13:41:24','2025-08-08 13:41:24',1,1,1,1,1,1,1,1),('c1b77381-7465-11f0-adec-ea5dc1f3f876','c15de0d5-7465-11f0-adec-ea5dc1f3f876','7cfa1ddf-61b0-489e-ad23-b924cf995419','07:00:00','15:00:00','#4285F4','2025-08-08 13:41:24','2025-08-08 13:41:24',2,2,2,2,2,2,2,2),('c1bd4012-7465-11f0-adec-ea5dc1f3f876','c15de0d5-7465-11f0-adec-ea5dc1f3f876','30c5c045-a442-4ec8-b285-c7bc010f4d83','07:00:00','15:00:00','#4285F4','2025-08-08 13:41:24','2025-08-08 13:41:24',2,2,2,2,2,2,2,2),('c3332e84-925c-4eda-8d23-71d3e27c05e9','b27a3c52-9cbb-45ae-8df4-06df132ce3ce','976ec471-fd8c-450e-a2ce-5b51993e502c','08:00:00','20:00:00','#4285F4','2025-07-03 03:48:32','2025-07-03 03:48:32',1,1,1,1,1,1,1,1),('c5fca3f9-746a-11f0-adec-ea5dc1f3f876','c5d801a6-746a-11f0-adec-ea5dc1f3f876','ca184e50-8bfa-4d61-b950-c1ba8e65a7a7','08:30:00','17:00:00','#4285F4','2025-08-08 14:17:19','2025-08-08 14:17:19',4,4,4,4,4,4,4,4),('c6091900-746a-11f0-adec-ea5dc1f3f876','c5d801a6-746a-11f0-adec-ea5dc1f3f876','0b5c7062-1285-4427-8387-b1b4e14eedc9','15:00:00','20:00:00','#4285F4','2025-08-08 14:17:19','2025-08-08 14:17:19',1,1,1,1,1,1,1,1),('c60e790c-746a-11f0-adec-ea5dc1f3f876','c5d801a6-746a-11f0-adec-ea5dc1f3f876','26c0891b-56c0-4346-8d53-de906aaa64c2','08:00:00','16:00:00','#4285F4','2025-08-08 14:17:19','2025-08-08 14:17:19',2,2,2,2,2,2,2,2),('c616b42c-746a-11f0-adec-ea5dc1f3f876','c5d801a6-746a-11f0-adec-ea5dc1f3f876','2ad13a8b-6ea2-4926-ad4a-64c74d686658','07:00:00','15:00:00','#c8a76f','2025-08-08 14:17:19','2025-08-08 14:17:19',1,1,1,1,1,1,1,1),('c62069c3-746a-11f0-adec-ea5dc1f3f876','c5d801a6-746a-11f0-adec-ea5dc1f3f876','ce940139-6ae7-49de-a62a-0d6ba9397928','09:00:00','17:00:00','#4285F4','2025-08-08 14:17:19','2025-08-08 14:17:19',1,1,1,1,1,1,1,1),('c628923b-746a-11f0-adec-ea5dc1f3f876','c5d801a6-746a-11f0-adec-ea5dc1f3f876','976ec471-fd8c-450e-a2ce-5b51993e502c','08:00:00','20:00:00','#4285F4','2025-08-08 14:17:19','2025-08-08 14:17:19',1,1,1,1,1,1,1,1),('c62b6c88-746a-11f0-adec-ea5dc1f3f876','c5d801a6-746a-11f0-adec-ea5dc1f3f876','7cfa1ddf-61b0-489e-ad23-b924cf995419','07:00:00','15:00:00','#4285F4','2025-08-08 14:17:19','2025-08-08 14:17:19',2,2,2,2,2,2,2,2),('c631f6d1-746a-11f0-adec-ea5dc1f3f876','c5d801a6-746a-11f0-adec-ea5dc1f3f876','30c5c045-a442-4ec8-b285-c7bc010f4d83','07:00:00','15:00:00','#4285F4','2025-08-08 14:17:19','2025-08-08 14:17:19',2,2,2,2,2,2,2,2),('cfc082db-8c44-4625-a1cf-0a6b5a28b85b','e9a460ec-bd19-4176-a315-6633f200add7','976ec471-fd8c-450e-a2ce-5b51993e502c','20:00:00','01:00:00','#4285F4','2025-06-25 00:01:33','2025-06-25 00:01:33',1,1,1,1,1,1,1,1),('d154b264-a3da-4f49-b08e-67f2a2fadf09','b27a3c52-9cbb-45ae-8df4-06df132ce3ce','26c0891b-56c0-4346-8d53-de906aaa64c2','08:00:00','16:00:00','#4285F4','2025-07-03 03:48:32','2025-07-03 03:48:32',2,2,2,2,2,2,2,2),('d1e60f45-cd97-46a8-9430-e61ba5a4f1a4','8fe5a7d8-8bf9-468d-8afd-6f50443fcf8b','976ec471-fd8c-450e-a2ce-5b51993e502c','08:00:00','20:00:00','#4285F4','2025-07-04 06:27:39','2025-07-04 06:27:39',1,1,1,1,1,1,1,1),('d3b5a469-5f63-48d2-b24e-e1ff16d73ea3','8fe5a7d8-8bf9-468d-8afd-6f50443fcf8b','30c5c045-a442-4ec8-b285-c7bc010f4d83','07:00:00','15:00:00','#4285F4','2025-07-04 06:27:39','2025-07-04 06:27:39',2,2,2,2,2,2,2,2),('d7498f74-a558-4a86-98a8-81480136a65e','328a65bd-ef90-40ed-9e57-d46dec2374ed','30c5c045-a442-4ec8-b285-c7bc010f4d83','07:00:00','15:00:00','#4285F4','2025-07-02 06:27:31','2025-07-02 06:27:31',2,2,2,2,2,2,2,2),('dbf4e8e2-b683-4d6f-b82d-bf22ce3cfc14','328a65bd-ef90-40ed-9e57-d46dec2374ed','0b5c7062-1285-4427-8387-b1b4e14eedc9','15:00:00','20:00:00','#4285F4','2025-07-02 06:27:31','2025-07-02 06:27:31',1,1,1,1,1,1,1,1),('dda363be-79cb-4226-baf3-c29a0871114d','b27a3c52-9cbb-45ae-8df4-06df132ce3ce','30c5c045-a442-4ec8-b285-c7bc010f4d83','07:00:00','15:00:00','#4285F4','2025-07-03 03:48:32','2025-07-03 03:48:32',2,2,2,2,2,2,2,2),('df492b29-bff5-42dc-aee2-eb023b9e6500','b27a3c52-9cbb-45ae-8df4-06df132ce3ce','ca184e50-8bfa-4d61-b950-c1ba8e65a7a7','08:30:00','17:00:00','#4285F4','2025-07-03 03:48:32','2025-07-03 03:48:32',4,4,4,4,4,4,4,4),('e7d602f6-4de7-43bd-87af-fef6ed601049','8fe5a7d8-8bf9-468d-8afd-6f50443fcf8b','5c0d3048-e3c9-4efb-a772-1ebf1253e72a','17:00:00','19:00:00','#4285F4','2025-07-04 06:34:16','2025-07-04 06:34:16',1,1,1,1,1,1,1,1),('e8984eed-2b80-4846-be64-45dbc20a79a7','06771608-e3ce-4212-bf21-f956fd68dc04','ce940139-6ae7-49de-a62a-0d6ba9397928','09:00:00','17:00:00','#4285F4','2025-06-30 15:34:38','2025-06-30 15:34:38',1,1,1,1,1,1,1,1),('ee8d5454-7b73-407d-ab1e-faf583dcd47f','8db2d484-414b-45b8-ab66-22ed95892d17','976ec471-fd8c-450e-a2ce-5b51993e502c','08:00:00','20:00:00','#4285F4','2025-06-30 14:58:52','2025-06-30 14:58:52',1,1,1,1,1,1,1,1),('eed45b4a-5d56-4a57-a923-f100b0381c59','aedb6287-c44a-4f2e-8d40-1a32a98d307d','2ad13a8b-6ea2-4926-ad4a-64c74d686658','07:00:00','15:00:00','#c8a76f','2025-06-30 14:44:04','2025-06-30 14:44:04',1,1,1,1,1,1,1,1),('efccd798-7061-4b5d-996a-51eab3ce34ad','8fe5a7d8-8bf9-468d-8afd-6f50443fcf8b','ce940139-6ae7-49de-a62a-0d6ba9397928','09:00:00','17:00:00','#4285F4','2025-07-04 06:27:39','2025-07-04 06:27:39',1,1,1,1,1,1,1,1),('f0bf0516-4dd6-4fa8-8259-d98ceba73291','06771608-e3ce-4212-bf21-f956fd68dc04','ca184e50-8bfa-4d61-b950-c1ba8e65a7a7','08:30:00','17:00:00','#4285F4','2025-06-30 15:34:38','2025-06-30 15:34:38',4,4,4,4,4,4,4,4),('f2bd1d9b-730b-4b87-9d0b-0caf4c7485c1','8db2d484-414b-45b8-ab66-22ed95892d17','0b5c7062-1285-4427-8387-b1b4e14eedc9','15:00:00','20:00:00','#4285F4','2025-06-30 14:58:52','2025-06-30 14:58:52',1,1,1,1,1,1,1,1),('fa602460-d73f-41ef-bd89-7832184c3c7b','aedb6287-c44a-4f2e-8d40-1a32a98d307d','ce940139-6ae7-49de-a62a-0d6ba9397928','09:00:00','17:00:00','#4285F4','2025-06-30 14:44:04','2025-06-30 14:44:04',1,1,1,1,1,1,1,1),('fd83f157-6e71-4297-9101-932842a6d0ef','328a65bd-ef90-40ed-9e57-d46dec2374ed','ce940139-6ae7-49de-a62a-0d6ba9397928','09:00:00','17:00:00','#4285F4','2025-07-02 06:27:31','2025-07-02 06:27:31',1,1,1,1,1,1,1,1),('fe3ec6ca-f392-4516-94d6-0dbadfff0504','8fe5a7d8-8bf9-468d-8afd-6f50443fcf8b','26c0891b-56c0-4346-8d53-de906aaa64c2','08:00:00','16:00:00','#4285F4','2025-07-04 06:27:39','2025-07-04 06:27:39',2,2,2,2,2,2,2,2);
/*!40000 ALTER TABLE `shift_support_service_assignments` ENABLE KEYS */;
UNLOCK TABLES;

--
-- Table structure for table `shift_support_service_porter_assignments`
--

DROP TABLE IF EXISTS `shift_support_service_porter_assignments`;
/*!40101 SET @saved_cs_client     = @@character_set_client */;
/*!50503 SET character_set_client = utf8mb4 */;
CREATE TABLE `shift_support_service_porter_assignments` (
  `id` char(36) CHARACTER SET utf8mb4 COLLATE utf8mb4_unicode_ci NOT NULL DEFAULT (uuid()),
  `shift_support_service_assignment_id` char(36) CHARACTER SET utf8mb4 COLLATE utf8mb4_unicode_ci NOT NULL,
  `porter_id` char(36) CHARACTER SET utf8mb4 COLLATE utf8mb4_unicode_ci NOT NULL,
  `start_time` time DEFAULT '08:00:00',
  `end_time` time DEFAULT '16:00:00',
  `created_at` timestamp NULL DEFAULT CURRENT_TIMESTAMP,
  `updated_at` timestamp NULL DEFAULT CURRENT_TIMESTAMP ON UPDATE CURRENT_TIMESTAMP,
  `agreed_absence` varchar(255) CHARACTER SET utf8mb4 COLLATE utf8mb4_unicode_ci DEFAULT NULL,
  PRIMARY KEY (`id`),
  KEY `porter_id` (`porter_id`),
  KEY `idx_shift_support_porter_assignment_id` (`shift_support_service_assignment_id`),
  CONSTRAINT `shift_support_service_porter_assignments_ibfk_1` FOREIGN KEY (`shift_support_service_assignment_id`) REFERENCES `shift_support_service_assignments` (`id`) ON DELETE CASCADE,
  CONSTRAINT `shift_support_service_porter_assignments_ibfk_2` FOREIGN KEY (`porter_id`) REFERENCES `staff` (`id`) ON DELETE CASCADE
) ENGINE=InnoDB DEFAULT CHARSET=utf8mb4 COLLATE=utf8mb4_unicode_ci;
/*!40101 SET character_set_client = @saved_cs_client */;

--
-- Dumping data for table `shift_support_service_porter_assignments`
--

LOCK TABLES `shift_support_service_porter_assignments` WRITE;
/*!40000 ALTER TABLE `shift_support_service_porter_assignments` DISABLE KEYS */;
INSERT INTO `shift_support_service_porter_assignments` VALUES ('02ad37f7-98b9-4c8f-8408-0fdb2ddb8bfc','d1e60f45-cd97-46a8-9430-e61ba5a4f1a4','85d80fef-9a4b-4878-b647-63301e934b51','16:00:00','20:00:00','2025-07-04 06:51:22','2025-07-04 08:48:33',NULL),('02d1aa1f-4843-4daf-a942-291473a9a16c','1ac05208-8887-4ad9-91ed-b50982851c88','aee3e923-d013-4da1-8404-6dfe4f07c135','12:00:00','20:00:00','2025-07-02 06:30:36','2025-07-02 06:37:41',NULL),('02e3063b-a6fb-4e77-b578-42edeecf05a5','df492b29-bff5-42dc-aee2-eb023b9e6500','7a905342-f7d6-4105-b56f-d922e86dbbd9','08:30:00','16:30:00','2025-07-03 03:48:32','2025-07-03 03:48:32',NULL),('0ab6d1d0-7465-11f0-adec-ea5dc1f3f876','0ab12c86-7465-11f0-adec-ea5dc1f3f876','ac5427be-ea01-4f42-9c46-17e2f089dee8','09:00:00','17:00:00','2025-08-08 13:36:17','2025-08-08 13:36:17',NULL),('0ab93153-7465-11f0-adec-ea5dc1f3f876','0ab12c86-7465-11f0-adec-ea5dc1f3f876','7a905342-f7d6-4105-b56f-d922e86dbbd9','08:30:00','16:30:00','2025-08-08 13:36:17','2025-08-08 13:36:17',NULL),('0aba1df8-7465-11f0-adec-ea5dc1f3f876','0ab12c86-7465-11f0-adec-ea5dc1f3f876','035ad40e-3ca6-4ce0-ab96-8590bd0b7f3f','09:00:00','17:00:00','2025-08-08 13:36:17','2025-08-08 13:36:17',NULL),('0abae2f4-7465-11f0-adec-ea5dc1f3f876','0ab12c86-7465-11f0-adec-ea5dc1f3f876','c3579d99-b97e-4019-b37a-f63515fe3ca4','09:00:00','17:00:00','2025-08-08 13:36:17','2025-08-08 13:36:17',NULL),('0abea753-7465-11f0-adec-ea5dc1f3f876','0abc9fee-7465-11f0-adec-ea5dc1f3f876','c30cc891-1722-404f-9b84-14ffcee8d93f','15:00:00','20:00:00','2025-08-08 13:36:17','2025-08-08 13:36:17',NULL),('0ac9e468-7465-11f0-adec-ea5dc1f3f876','0ac5f3f4-7465-11f0-adec-ea5dc1f3f876','f304fa99-8e00-48d0-a616-d156b0f7484d','08:00:00','16:00:00','2025-08-08 13:36:17','2025-08-08 13:36:17',NULL),('0acd1cad-7465-11f0-adec-ea5dc1f3f876','0ac5f3f4-7465-11f0-adec-ea5dc1f3f876','7c20aec3-bf78-4ef9-b35e-429e41ac739b','08:00:00','16:00:00','2025-08-08 13:36:17','2025-08-08 13:36:17',NULL),('0ad0ffbd-7465-11f0-adec-ea5dc1f3f876','0ac5f3f4-7465-11f0-adec-ea5dc1f3f876','2524b1c5-45e1-4f15-bf3b-984354f22cdc','08:00:00','16:00:00','2025-08-08 13:36:17','2025-08-08 13:36:17',NULL),('0ad5e07d-7465-11f0-adec-ea5dc1f3f876','0ad3af34-7465-11f0-adec-ea5dc1f3f876','56d5a952-a958-41c5-aa28-bd42e06720c8','07:00:00','15:00:00','2025-08-08 13:36:17','2025-08-08 13:36:17',NULL),('0ad89475-7465-11f0-adec-ea5dc1f3f876','0ad3af34-7465-11f0-adec-ea5dc1f3f876','394d8660-7946-4b31-87c9-b60f7e1bc294','07:00:00','15:00:00','2025-08-08 13:36:17','2025-08-08 13:36:17',NULL),('0add3844-7465-11f0-adec-ea5dc1f3f876','0adaa77b-7465-11f0-adec-ea5dc1f3f876','394d8660-7946-4b31-87c9-b60f7e1bc294','09:00:00','17:00:00','2025-08-08 13:36:17','2025-08-08 13:36:17',NULL),('0adf6872-7465-11f0-adec-ea5dc1f3f876','0adaa77b-7465-11f0-adec-ea5dc1f3f876','4fb21c6f-2f5b-4f6e-b727-239a3391092a','08:00:00','16:00:00','2025-08-08 13:36:17','2025-08-08 13:36:17',NULL),('0ae7af8f-7465-11f0-adec-ea5dc1f3f876','0ae53471-7465-11f0-adec-ea5dc1f3f876','8daf3b6b-4e59-4445-ac27-397d1bc7854d','07:00:00','15:00:00','2025-08-08 13:36:17','2025-08-08 13:36:17',NULL),('0ae9d8c3-7465-11f0-adec-ea5dc1f3f876','0ae53471-7465-11f0-adec-ea5dc1f3f876','b30280c2-aecc-4953-a1df-5f703bce4772','07:00:00','15:00:00','2025-08-08 13:36:17','2025-08-08 13:36:17',NULL),('0aee9694-7465-11f0-adec-ea5dc1f3f876','0aec097c-7465-11f0-adec-ea5dc1f3f876','2fe13155-0425-4634-b42a-04380ff73ad1','07:00:00','15:00:00','2025-08-08 13:36:17','2025-08-08 13:36:17',NULL),('0aeff941-7465-11f0-adec-ea5dc1f3f876','0aec097c-7465-11f0-adec-ea5dc1f3f876','3316eda6-d5f5-445f-8721-b8c42e18d89c','07:00:00','15:00:00','2025-08-08 13:36:17','2025-08-08 13:36:17',NULL),('0f14d2ea-87fa-4f10-ab00-a922fd3c5a7d','7ee77574-ecb1-4888-89b5-a0f1bb3fdaa6','c3579d99-b97e-4019-b37a-f63515fe3ca4','09:00:00','17:00:00','2025-07-02 06:27:31','2025-07-02 06:27:31',NULL),('145821f4-e779-44b9-870c-d9147d4e8022','7cb5eafc-5318-4574-b810-972f6ed48e4c','c3579d99-b97e-4019-b37a-f63515fe3ca4','09:00:00','17:00:00','2025-06-30 14:44:04','2025-06-30 14:44:04',NULL),('17ec5c52-d4f8-47ea-9f66-481495604052','1aba36cf-7ee9-4a6f-8ac8-13e01e23c6fb','f233a4cb-cd6d-4c6a-8fd6-01eea72a9fb0','15:00:00','20:00:00','2025-07-03 09:22:02','2025-07-03 09:22:02',NULL),('1c61eb48-c83a-4f7a-8d8b-3751cf5a6011','fa602460-d73f-41ef-bd89-7832184c3c7b','394d8660-7946-4b31-87c9-b60f7e1bc294','09:00:00','17:00:00','2025-06-30 14:44:04','2025-06-30 14:44:04',NULL),('1d8635ee-c248-4f41-b783-5506a8df9ab1','7ee77574-ecb1-4888-89b5-a0f1bb3fdaa6','ac5427be-ea01-4f42-9c46-17e2f089dee8','09:00:00','17:00:00','2025-07-02 06:27:31','2025-07-02 06:27:31',NULL),('1f11e660-5fff-44eb-8047-8fb674e91f36','b5bdb206-4c98-4957-9cc4-620274564eca','2524b1c5-45e1-4f15-bf3b-984354f22cdc','08:00:00','16:00:00','2025-07-02 06:27:31','2025-07-02 06:27:31',NULL),('243b99cd-2335-48a8-b70e-d7894af6e4f7','7ee77574-ecb1-4888-89b5-a0f1bb3fdaa6','035ad40e-3ca6-4ce0-ab96-8590bd0b7f3f','09:00:00','17:00:00','2025-07-02 06:27:31','2025-07-02 06:27:31',NULL),('24f5b56e-b3fa-4cef-9532-ab5cec5d8160','e7d602f6-4de7-43bd-87af-fef6ed601049','cd7e9036-99de-4236-ba6a-f38115d3b63a','17:00:00','19:00:00','2025-07-04 06:34:44','2025-07-04 06:34:44',NULL),('28dfb689-7469-11f0-adec-ea5dc1f3f876','28dc9f2f-7469-11f0-adec-ea5dc1f3f876','ac5427be-ea01-4f42-9c46-17e2f089dee8','09:00:00','17:00:00','2025-08-08 14:05:45','2025-08-08 14:05:45',NULL),('28e193fa-7469-11f0-adec-ea5dc1f3f876','28dc9f2f-7469-11f0-adec-ea5dc1f3f876','7a905342-f7d6-4105-b56f-d922e86dbbd9','08:30:00','16:30:00','2025-08-08 14:05:45','2025-08-08 14:05:45',NULL),('28e41827-7469-11f0-adec-ea5dc1f3f876','28dc9f2f-7469-11f0-adec-ea5dc1f3f876','035ad40e-3ca6-4ce0-ab96-8590bd0b7f3f','09:00:00','17:00:00','2025-08-08 14:05:45','2025-08-08 14:05:45',NULL),('28e728e4-7469-11f0-adec-ea5dc1f3f876','28dc9f2f-7469-11f0-adec-ea5dc1f3f876','c3579d99-b97e-4019-b37a-f63515fe3ca4','09:00:00','17:00:00','2025-08-08 14:05:46','2025-08-08 14:05:46',NULL),('28ebf4ef-7469-11f0-adec-ea5dc1f3f876','28e9e93b-7469-11f0-adec-ea5dc1f3f876','c30cc891-1722-404f-9b84-14ffcee8d93f','15:00:00','20:00:00','2025-08-08 14:05:46','2025-08-08 14:05:46',NULL),('28f12c5c-7469-11f0-adec-ea5dc1f3f876','28ed3e1d-7469-11f0-adec-ea5dc1f3f876','f304fa99-8e00-48d0-a616-d156b0f7484d','08:00:00','16:00:00','2025-08-08 14:05:46','2025-08-08 14:05:46',NULL),('28f31d08-7469-11f0-adec-ea5dc1f3f876','28ed3e1d-7469-11f0-adec-ea5dc1f3f876','7c20aec3-bf78-4ef9-b35e-429e41ac739b','08:00:00','16:00:00','2025-08-08 14:05:46','2025-08-08 14:05:46',NULL),('28f3eac9-7469-11f0-adec-ea5dc1f3f876','28ed3e1d-7469-11f0-adec-ea5dc1f3f876','2524b1c5-45e1-4f15-bf3b-984354f22cdc','08:00:00','16:00:00','2025-08-08 14:05:46','2025-08-08 14:05:46',NULL),('28f74f46-7469-11f0-adec-ea5dc1f3f876','28f4e617-7469-11f0-adec-ea5dc1f3f876','56d5a952-a958-41c5-aa28-bd42e06720c8','07:00:00','15:00:00','2025-08-08 14:05:46','2025-08-08 14:05:46',NULL),('28f9acd4-7469-11f0-adec-ea5dc1f3f876','28f4e617-7469-11f0-adec-ea5dc1f3f876','394d8660-7946-4b31-87c9-b60f7e1bc294','07:00:00','15:00:00','2025-08-08 14:05:46','2025-08-08 14:05:46',NULL),('28fde5c6-7469-11f0-adec-ea5dc1f3f876','28fb88bd-7469-11f0-adec-ea5dc1f3f876','394d8660-7946-4b31-87c9-b60f7e1bc294','09:00:00','17:00:00','2025-08-08 14:05:46','2025-08-08 14:05:46',NULL),('29006e0f-7469-11f0-adec-ea5dc1f3f876','28fb88bd-7469-11f0-adec-ea5dc1f3f876','4fb21c6f-2f5b-4f6e-b727-239a3391092a','08:00:00','16:00:00','2025-08-08 14:05:46','2025-08-08 14:05:46',NULL),('2907bf09-7469-11f0-adec-ea5dc1f3f876','2904f1a4-7469-11f0-adec-ea5dc1f3f876','8daf3b6b-4e59-4445-ac27-397d1bc7854d','07:00:00','15:00:00','2025-08-08 14:05:46','2025-08-08 14:05:46',NULL),('2909ec24-7469-11f0-adec-ea5dc1f3f876','2904f1a4-7469-11f0-adec-ea5dc1f3f876','b30280c2-aecc-4953-a1df-5f703bce4772','07:00:00','15:00:00','2025-08-08 14:05:46','2025-08-08 14:05:46',NULL),('290d677b-7469-11f0-adec-ea5dc1f3f876','290bceab-7469-11f0-adec-ea5dc1f3f876','2fe13155-0425-4634-b42a-04380ff73ad1','07:00:00','15:00:00','2025-08-08 14:05:46','2025-08-08 14:05:46',NULL),('29100035-7469-11f0-adec-ea5dc1f3f876','290bceab-7469-11f0-adec-ea5dc1f3f876','3316eda6-d5f5-445f-8721-b8c42e18d89c','07:00:00','15:00:00','2025-08-08 14:05:46','2025-08-08 14:05:46',NULL),('298ccbd1-7465-11f0-adec-ea5dc1f3f876','2989c498-7465-11f0-adec-ea5dc1f3f876','ac5427be-ea01-4f42-9c46-17e2f089dee8','09:00:00','17:00:00','2025-08-08 13:37:09','2025-08-08 13:37:09',NULL),('298f1d74-7465-11f0-adec-ea5dc1f3f876','2989c498-7465-11f0-adec-ea5dc1f3f876','7a905342-f7d6-4105-b56f-d922e86dbbd9','08:30:00','16:30:00','2025-08-08 13:37:09','2025-08-08 13:37:09',NULL),('2990fda0-7465-11f0-adec-ea5dc1f3f876','2989c498-7465-11f0-adec-ea5dc1f3f876','035ad40e-3ca6-4ce0-ab96-8590bd0b7f3f','09:00:00','17:00:00','2025-08-08 13:37:09','2025-08-08 13:37:09',NULL),('2993c936-7465-11f0-adec-ea5dc1f3f876','2989c498-7465-11f0-adec-ea5dc1f3f876','c3579d99-b97e-4019-b37a-f63515fe3ca4','09:00:00','17:00:00','2025-08-08 13:37:09','2025-08-08 13:37:09',NULL),('29997099-7465-11f0-adec-ea5dc1f3f876','2996fb16-7465-11f0-adec-ea5dc1f3f876','c30cc891-1722-404f-9b84-14ffcee8d93f','15:00:00','20:00:00','2025-08-08 13:37:09','2025-08-08 13:37:09',NULL),('299dcdc6-7465-11f0-adec-ea5dc1f3f876','299b1ce0-7465-11f0-adec-ea5dc1f3f876','f304fa99-8e00-48d0-a616-d156b0f7484d','08:00:00','16:00:00','2025-08-08 13:37:09','2025-08-08 13:37:09',NULL),('299ee80f-7465-11f0-adec-ea5dc1f3f876','299b1ce0-7465-11f0-adec-ea5dc1f3f876','7c20aec3-bf78-4ef9-b35e-429e41ac739b','08:00:00','16:00:00','2025-08-08 13:37:09','2025-08-08 13:37:09',NULL),('29a17080-7465-11f0-adec-ea5dc1f3f876','299b1ce0-7465-11f0-adec-ea5dc1f3f876','2524b1c5-45e1-4f15-bf3b-984354f22cdc','08:00:00','16:00:00','2025-08-08 13:37:09','2025-08-08 13:37:09',NULL),('29a8eed5-7465-11f0-adec-ea5dc1f3f876','29a569f5-7465-11f0-adec-ea5dc1f3f876','56d5a952-a958-41c5-aa28-bd42e06720c8','07:00:00','15:00:00','2025-08-08 13:37:09','2025-08-08 13:37:09',NULL),('29abcf3b-7465-11f0-adec-ea5dc1f3f876','29a569f5-7465-11f0-adec-ea5dc1f3f876','394d8660-7946-4b31-87c9-b60f7e1bc294','07:00:00','15:00:00','2025-08-08 13:37:09','2025-08-08 13:37:09',NULL),('29b0e0d9-7465-11f0-adec-ea5dc1f3f876','29ae47e5-7465-11f0-adec-ea5dc1f3f876','394d8660-7946-4b31-87c9-b60f7e1bc294','09:00:00','17:00:00','2025-08-08 13:37:09','2025-08-08 13:37:09',NULL),('29b356dc-7465-11f0-adec-ea5dc1f3f876','29ae47e5-7465-11f0-adec-ea5dc1f3f876','4fb21c6f-2f5b-4f6e-b727-239a3391092a','08:00:00','16:00:00','2025-08-08 13:37:09','2025-08-08 13:37:09',NULL),('29bda131-7465-11f0-adec-ea5dc1f3f876','29b881af-7465-11f0-adec-ea5dc1f3f876','8daf3b6b-4e59-4445-ac27-397d1bc7854d','07:00:00','15:00:00','2025-08-08 13:37:09','2025-08-08 13:37:09',NULL),('29c0529e-7465-11f0-adec-ea5dc1f3f876','29b881af-7465-11f0-adec-ea5dc1f3f876','b30280c2-aecc-4953-a1df-5f703bce4772','07:00:00','15:00:00','2025-08-08 13:37:09','2025-08-08 13:37:09',NULL),('29c5b404-7465-11f0-adec-ea5dc1f3f876','29c28a85-7465-11f0-adec-ea5dc1f3f876','2fe13155-0425-4634-b42a-04380ff73ad1','07:00:00','15:00:00','2025-08-08 13:37:09','2025-08-08 13:37:09',NULL),('29c7c80f-7465-11f0-adec-ea5dc1f3f876','29c28a85-7465-11f0-adec-ea5dc1f3f876','3316eda6-d5f5-445f-8721-b8c42e18d89c','07:00:00','15:00:00','2025-08-08 13:37:09','2025-08-08 13:37:09',NULL),('2f0fd435-f185-4e5e-92cd-72e7d8fe79b9','119c253b-d70a-466c-96ef-34312fd861e7','5bfb19a8-f295-4e17-b63d-01166fd22acf','20:00:00','21:00:00','2025-06-25 05:13:54','2025-06-25 05:13:54',NULL),('3998a187-09ff-43e0-8f85-0e0dd967f4db','2ac9293b-e740-4888-9ea2-9ab645051b0f','172b28c4-ec0d-4f5c-a859-ff8299ff6243','17:00:00','19:00:00','2025-07-02 06:32:53','2025-07-02 06:32:53',NULL),('3f44a266-7824-495c-8c99-ed264da6da0c','e7d602f6-4de7-43bd-87af-fef6ed601049','2840c515-644f-4313-9c30-ecfe7dd1cbe8','17:00:00','19:00:00','2025-07-04 06:36:10','2025-07-04 06:36:10',NULL),('4bb86d6d-3aa9-41c6-875a-d8eabfce6704','df492b29-bff5-42dc-aee2-eb023b9e6500','ac5427be-ea01-4f42-9c46-17e2f089dee8','09:00:00','17:00:00','2025-07-03 03:48:32','2025-07-03 03:48:32',NULL),('5075eb32-a5e1-4035-ac9f-5079014201fe','3c23bc36-c2fa-44f7-accd-e0d6b920fb8a','c30cc891-1722-404f-9b84-14ffcee8d93f','15:00:00','20:00:00','2025-06-30 15:08:06','2025-06-30 15:08:06',NULL),('50b76c6e-2877-48ec-873d-2efdfbac99f5','df492b29-bff5-42dc-aee2-eb023b9e6500','035ad40e-3ca6-4ce0-ab96-8590bd0b7f3f','09:00:00','17:00:00','2025-07-03 03:48:32','2025-07-03 03:48:32',NULL),('5a8454e9-59e8-4d4c-8ba2-74348da5142a','01fbb71b-377e-4161-89c9-66b9344ec555','c965e4e3-e132-43f0-94ce-1b41d33a9f05','15:00:00','20:00:00','2025-07-04 06:33:26','2025-07-04 06:33:26',NULL),('65740a8f-ad70-4700-8ca9-3bb366d35351','dbf4e8e2-b683-4d6f-b82d-bf22ce3cfc14','c30cc891-1722-404f-9b84-14ffcee8d93f','15:00:00','20:00:00','2025-07-02 06:27:31','2025-07-02 06:27:31',NULL),('66468d6c-c1c8-4ccd-b0be-c3ea7ccd1dd3','7ee77574-ecb1-4888-89b5-a0f1bb3fdaa6','7a905342-f7d6-4105-b56f-d922e86dbbd9','08:30:00','16:30:00','2025-07-02 06:27:31','2025-07-02 06:27:31',NULL),('6fa275d2-e482-483d-aa1b-fa78320a18b1','7cb5eafc-5318-4574-b810-972f6ed48e4c','035ad40e-3ca6-4ce0-ab96-8590bd0b7f3f','09:00:00','17:00:00','2025-06-30 14:44:04','2025-06-30 14:44:04',NULL),('7864a8f2-e22c-4270-a2e1-b3d46b856ab9','c3332e84-925c-4eda-8d23-71d3e27c05e9','296edb55-91eb-4d73-aa43-54840cbbf20c','14:00:00','22:00:00','2025-07-03 06:23:02','2025-07-03 06:23:02',NULL),('78c164a2-457c-4546-9faf-d62a2fdf4b21','b5bdb206-4c98-4957-9cc4-620274564eca','7c20aec3-bf78-4ef9-b35e-429e41ac739b','08:00:00','16:00:00','2025-07-02 06:27:31','2025-07-02 06:27:31',NULL),('89913567-5541-4e2d-b2a6-2a7da612cb0b','1ac05208-8887-4ad9-91ed-b50982851c88','f233a4cb-cd6d-4c6a-8fd6-01eea72a9fb0','08:00:00','20:00:00','2025-07-02 06:30:19','2025-07-02 06:30:19',NULL),('94e1dfdb-0d0b-430b-8bd8-e8c1af544291','b281a8ef-dc5e-4257-b9b6-457b2d29f1e6','172b28c4-ec0d-4f5c-a859-ff8299ff6243','17:00:00','19:00:00','2025-07-03 06:21:14','2025-07-03 06:21:14',NULL),('9bf44908-3420-4e82-95ef-10e796639ffa','f2bd1d9b-730b-4b87-9d0b-0caf4c7485c1','c30cc891-1722-404f-9b84-14ffcee8d93f','15:00:00','20:00:00','2025-06-30 14:58:52','2025-06-30 14:58:52',NULL),('9c049571-9ec2-4b13-8093-36ec6949a514','b5bdb206-4c98-4957-9cc4-620274564eca','f304fa99-8e00-48d0-a616-d156b0f7484d','08:00:00','16:00:00','2025-07-02 06:27:31','2025-07-02 06:27:31',NULL),('9d9889d1-46af-4c5d-b5e6-151440ab8e46','7cb5eafc-5318-4574-b810-972f6ed48e4c','ac5427be-ea01-4f42-9c46-17e2f089dee8','09:00:00','17:00:00','2025-06-30 14:44:04','2025-06-30 14:44:04',NULL),('a58dee60-0709-494f-8802-f83cae3b1616','09112b1a-4211-4e84-83f4-2d0d27eb59bb','c30cc891-1722-404f-9b84-14ffcee8d93f','15:00:00','20:00:00','2025-06-30 14:44:04','2025-06-30 14:44:04',NULL),('aa64aa7c-f54c-4373-8375-28672cec371c','2ac9293b-e740-4888-9ea2-9ab645051b0f','b4bcc3bc-729a-49fe-bf6e-1c30fcac37b3','17:00:00','19:00:00','2025-07-02 06:33:15','2025-07-02 06:33:15',NULL),('bf8d207b-a2ce-41c0-858b-26b652278dc5','fd83f157-6e71-4297-9101-932842a6d0ef','394d8660-7946-4b31-87c9-b60f7e1bc294','09:00:00','17:00:00','2025-07-02 06:27:31','2025-07-02 06:27:31',NULL),('c1830550-7465-11f0-adec-ea5dc1f3f876','c17e5829-7465-11f0-adec-ea5dc1f3f876','ac5427be-ea01-4f42-9c46-17e2f089dee8','09:00:00','17:00:00','2025-08-08 13:41:24','2025-08-08 13:41:24',NULL),('c186d3ee-7465-11f0-adec-ea5dc1f3f876','c17e5829-7465-11f0-adec-ea5dc1f3f876','7a905342-f7d6-4105-b56f-d922e86dbbd9','08:30:00','16:30:00','2025-08-08 13:41:24','2025-08-08 13:41:24',NULL),('c1894e71-7465-11f0-adec-ea5dc1f3f876','c17e5829-7465-11f0-adec-ea5dc1f3f876','035ad40e-3ca6-4ce0-ab96-8590bd0b7f3f','09:00:00','17:00:00','2025-08-08 13:41:24','2025-08-08 13:41:24',NULL),('c18d1f39-7465-11f0-adec-ea5dc1f3f876','c17e5829-7465-11f0-adec-ea5dc1f3f876','c3579d99-b97e-4019-b37a-f63515fe3ca4','09:00:00','17:00:00','2025-08-08 13:41:24','2025-08-08 13:41:24',NULL),('c192e148-7465-11f0-adec-ea5dc1f3f876','c18fb543-7465-11f0-adec-ea5dc1f3f876','c30cc891-1722-404f-9b84-14ffcee8d93f','15:00:00','20:00:00','2025-08-08 13:41:24','2025-08-08 13:41:24',NULL),('c19a0e12-7465-11f0-adec-ea5dc1f3f876','c1962c73-7465-11f0-adec-ea5dc1f3f876','f304fa99-8e00-48d0-a616-d156b0f7484d','08:00:00','16:00:00','2025-08-08 13:41:24','2025-08-08 13:41:24',NULL),('c19c5c48-7465-11f0-adec-ea5dc1f3f876','c1962c73-7465-11f0-adec-ea5dc1f3f876','7c20aec3-bf78-4ef9-b35e-429e41ac739b','08:00:00','16:00:00','2025-08-08 13:41:24','2025-08-08 13:41:24',NULL),('c19ede94-7465-11f0-adec-ea5dc1f3f876','c1962c73-7465-11f0-adec-ea5dc1f3f876','2524b1c5-45e1-4f15-bf3b-984354f22cdc','08:00:00','16:00:00','2025-08-08 13:41:24','2025-08-08 13:41:24',NULL),('c1a495a8-7465-11f0-adec-ea5dc1f3f876','c1a1df1b-7465-11f0-adec-ea5dc1f3f876','56d5a952-a958-41c5-aa28-bd42e06720c8','07:00:00','15:00:00','2025-08-08 13:41:24','2025-08-08 13:41:24',NULL),('c1a716d9-7465-11f0-adec-ea5dc1f3f876','c1a1df1b-7465-11f0-adec-ea5dc1f3f876','394d8660-7946-4b31-87c9-b60f7e1bc294','07:00:00','15:00:00','2025-08-08 13:41:24','2025-08-08 13:41:24',NULL),('c1ae4cbf-7465-11f0-adec-ea5dc1f3f876','c1aa8866-7465-11f0-adec-ea5dc1f3f876','394d8660-7946-4b31-87c9-b60f7e1bc294','09:00:00','17:00:00','2025-08-08 13:41:24','2025-08-08 13:41:24',NULL),('c1b1071e-7465-11f0-adec-ea5dc1f3f876','c1aa8866-7465-11f0-adec-ea5dc1f3f876','4fb21c6f-2f5b-4f6e-b727-239a3391092a','08:00:00','16:00:00','2025-08-08 13:41:24','2025-08-08 13:41:24',NULL),('c1b8e573-7465-11f0-adec-ea5dc1f3f876','c1b77381-7465-11f0-adec-ea5dc1f3f876','8daf3b6b-4e59-4445-ac27-397d1bc7854d','07:00:00','15:00:00','2025-08-08 13:41:24','2025-08-08 13:41:24',NULL),('c1bb3bf3-7465-11f0-adec-ea5dc1f3f876','c1b77381-7465-11f0-adec-ea5dc1f3f876','b30280c2-aecc-4953-a1df-5f703bce4772','07:00:00','15:00:00','2025-08-08 13:41:24','2025-08-08 13:41:24',NULL),('c1bfeb44-7465-11f0-adec-ea5dc1f3f876','c1bd4012-7465-11f0-adec-ea5dc1f3f876','2fe13155-0425-4634-b42a-04380ff73ad1','07:00:00','15:00:00','2025-08-08 13:41:24','2025-08-08 13:41:24',NULL),('c1c2c574-7465-11f0-adec-ea5dc1f3f876','c1bd4012-7465-11f0-adec-ea5dc1f3f876','3316eda6-d5f5-445f-8721-b8c42e18d89c','07:00:00','15:00:00','2025-08-08 13:41:24','2025-08-08 13:41:24',NULL),('c6013189-746a-11f0-adec-ea5dc1f3f876','c5fca3f9-746a-11f0-adec-ea5dc1f3f876','ac5427be-ea01-4f42-9c46-17e2f089dee8','09:00:00','17:00:00','2025-08-08 14:17:19','2025-08-08 14:17:19',NULL),('c603652f-746a-11f0-adec-ea5dc1f3f876','c5fca3f9-746a-11f0-adec-ea5dc1f3f876','7a905342-f7d6-4105-b56f-d922e86dbbd9','08:30:00','16:30:00','2025-08-08 14:17:19','2025-08-08 14:17:19',NULL),('c60596a8-746a-11f0-adec-ea5dc1f3f876','c5fca3f9-746a-11f0-adec-ea5dc1f3f876','035ad40e-3ca6-4ce0-ab96-8590bd0b7f3f','09:00:00','17:00:00','2025-08-08 14:17:19','2025-08-08 14:17:19',NULL),('c60781d7-746a-11f0-adec-ea5dc1f3f876','c5fca3f9-746a-11f0-adec-ea5dc1f3f876','c3579d99-b97e-4019-b37a-f63515fe3ca4','09:00:00','17:00:00','2025-08-08 14:17:19','2025-08-08 14:17:19',NULL),('c60b5fbd-746a-11f0-adec-ea5dc1f3f876','c6091900-746a-11f0-adec-ea5dc1f3f876','c30cc891-1722-404f-9b84-14ffcee8d93f','15:00:00','20:00:00','2025-08-08 14:17:19','2025-08-08 14:17:19',NULL),('c60cd406-4eaf-44bb-9d81-8673a97e7cde','d1e60f45-cd97-46a8-9430-e61ba5a4f1a4','296edb55-91eb-4d73-aa43-54840cbbf20c','14:00:00','20:00:00','2025-07-04 08:58:11','2025-07-04 08:58:11',NULL),('c610da08-746a-11f0-adec-ea5dc1f3f876','c60e790c-746a-11f0-adec-ea5dc1f3f876','f304fa99-8e00-48d0-a616-d156b0f7484d','08:00:00','16:00:00','2025-08-08 14:17:19','2025-08-08 14:17:19',NULL),('c6122cfc-746a-11f0-adec-ea5dc1f3f876','c60e790c-746a-11f0-adec-ea5dc1f3f876','7c20aec3-bf78-4ef9-b35e-429e41ac739b','08:00:00','16:00:00','2025-08-08 14:17:19','2025-08-08 14:17:19',NULL),('c614b5ac-746a-11f0-adec-ea5dc1f3f876','c60e790c-746a-11f0-adec-ea5dc1f3f876','2524b1c5-45e1-4f15-bf3b-984354f22cdc','08:00:00','16:00:00','2025-08-08 14:17:19','2025-08-08 14:17:19',NULL),('c61a2c58-746a-11f0-adec-ea5dc1f3f876','c616b42c-746a-11f0-adec-ea5dc1f3f876','56d5a952-a958-41c5-aa28-bd42e06720c8','07:00:00','15:00:00','2025-08-08 14:17:19','2025-08-08 14:17:19',NULL),('c61c6a0c-746a-11f0-adec-ea5dc1f3f876','c616b42c-746a-11f0-adec-ea5dc1f3f876','394d8660-7946-4b31-87c9-b60f7e1bc294','07:00:00','15:00:00','2025-08-08 14:17:19','2025-08-08 14:17:19',NULL),('c623680d-746a-11f0-adec-ea5dc1f3f876','c62069c3-746a-11f0-adec-ea5dc1f3f876','394d8660-7946-4b31-87c9-b60f7e1bc294','09:00:00','17:00:00','2025-08-08 14:17:19','2025-08-08 14:17:19',NULL),('c625c110-746a-11f0-adec-ea5dc1f3f876','c62069c3-746a-11f0-adec-ea5dc1f3f876','4fb21c6f-2f5b-4f6e-b727-239a3391092a','08:00:00','16:00:00','2025-08-08 14:17:19','2025-08-08 14:17:19',NULL),('c62df2d5-746a-11f0-adec-ea5dc1f3f876','c62b6c88-746a-11f0-adec-ea5dc1f3f876','8daf3b6b-4e59-4445-ac27-397d1bc7854d','07:00:00','15:00:00','2025-08-08 14:17:19','2025-08-08 14:17:19',NULL),('c6302911-746a-11f0-adec-ea5dc1f3f876','c62b6c88-746a-11f0-adec-ea5dc1f3f876','b30280c2-aecc-4953-a1df-5f703bce4772','07:00:00','15:00:00','2025-08-08 14:17:19','2025-08-08 14:17:19',NULL),('c634b7fe-746a-11f0-adec-ea5dc1f3f876','c631f6d1-746a-11f0-adec-ea5dc1f3f876','2fe13155-0425-4634-b42a-04380ff73ad1','07:00:00','15:00:00','2025-08-08 14:17:19','2025-08-08 14:17:19',NULL),('c635fadc-746a-11f0-adec-ea5dc1f3f876','c631f6d1-746a-11f0-adec-ea5dc1f3f876','3316eda6-d5f5-445f-8721-b8c42e18d89c','07:00:00','15:00:00','2025-08-08 14:17:19','2025-08-08 14:17:19',NULL),('ccdc9af4-9844-46e4-92ec-85df19c67240','df492b29-bff5-42dc-aee2-eb023b9e6500','c3579d99-b97e-4019-b37a-f63515fe3ca4','09:00:00','17:00:00','2025-07-03 03:48:32','2025-07-03 03:48:32',NULL),('e2b73fc9-d84b-4354-9085-00626875c23f','01fbb71b-377e-4161-89c9-66b9344ec555','c30cc891-1722-404f-9b84-14ffcee8d93f','15:00:00','20:00:00','2025-07-04 06:27:39','2025-07-04 06:27:39',NULL),('e4cbc4c1-8a81-4d92-a9c9-eeca62f60a1b','fd83f157-6e71-4297-9101-932842a6d0ef','4fb21c6f-2f5b-4f6e-b727-239a3391092a','08:00:00','16:00:00','2025-07-02 06:27:31','2025-07-02 06:27:31',NULL),('e531fab6-19a3-4212-98c5-be5a00ca819f','c3332e84-925c-4eda-8d23-71d3e27c05e9','c965e4e3-e132-43f0-94ce-1b41d33a9f05','15:55:00','20:00:00','2025-07-03 13:57:09','2025-07-03 13:57:09',NULL),('eb4fbb45-276f-4c9f-851d-f4092f471cb7','373299e0-718e-4f66-8693-8fc1b9856215','394d8660-7946-4b31-87c9-b60f7e1bc294','09:00:00','17:00:00','2025-07-03 03:48:32','2025-07-03 03:48:32',NULL);
/*!40000 ALTER TABLE `shift_support_service_porter_assignments` ENABLE KEYS */;
UNLOCK TABLES;

--
-- Table structure for table `shift_tasks`
--

DROP TABLE IF EXISTS `shift_tasks`;
/*!40101 SET @saved_cs_client     = @@character_set_client */;
/*!50503 SET character_set_client = utf8mb4 */;
CREATE TABLE `shift_tasks` (
  `id` char(36) CHARACTER SET utf8mb4 COLLATE utf8mb4_unicode_ci NOT NULL DEFAULT (uuid()),
  `shift_id` char(36) CHARACTER SET utf8mb4 COLLATE utf8mb4_unicode_ci NOT NULL,
  `task_item_id` char(36) CHARACTER SET utf8mb4 COLLATE utf8mb4_unicode_ci NOT NULL,
  `porter_id` char(36) CHARACTER SET utf8mb4 COLLATE utf8mb4_unicode_ci DEFAULT NULL,
  `origin_department_id` char(36) CHARACTER SET utf8mb4 COLLATE utf8mb4_unicode_ci DEFAULT NULL,
  `destination_department_id` char(36) CHARACTER SET utf8mb4 COLLATE utf8mb4_unicode_ci DEFAULT NULL,
  `status` varchar(20) CHARACTER SET utf8mb4 COLLATE utf8mb4_unicode_ci DEFAULT 'pending',
  `created_at` timestamp NULL DEFAULT CURRENT_TIMESTAMP,
  `updated_at` timestamp NULL DEFAULT CURRENT_TIMESTAMP ON UPDATE CURRENT_TIMESTAMP,
  `time_received` varchar(50) CHARACTER SET utf8mb4 COLLATE utf8mb4_unicode_ci DEFAULT '00:00',
  `time_allocated` varchar(50) CHARACTER SET utf8mb4 COLLATE utf8mb4_unicode_ci DEFAULT '00:01',
  `time_completed` varchar(50) CHARACTER SET utf8mb4 COLLATE utf8mb4_unicode_ci DEFAULT '00:20',
  PRIMARY KEY (`id`),
  KEY `task_item_id` (`task_item_id`),
  KEY `idx_shift_tasks_shift_id` (`shift_id`),
  KEY `idx_shift_tasks_porter_id` (`porter_id`),
  KEY `idx_shift_tasks_status` (`status`),
  KEY `idx_shift_tasks_origin_dept` (`origin_department_id`),
  KEY `idx_shift_tasks_dest_dept` (`destination_department_id`),
  CONSTRAINT `shift_tasks_ibfk_1` FOREIGN KEY (`shift_id`) REFERENCES `shifts` (`id`) ON DELETE CASCADE,
  CONSTRAINT `shift_tasks_ibfk_2` FOREIGN KEY (`task_item_id`) REFERENCES `task_items` (`id`) ON DELETE CASCADE,
  CONSTRAINT `shift_tasks_ibfk_3` FOREIGN KEY (`porter_id`) REFERENCES `staff` (`id`) ON DELETE SET NULL,
  CONSTRAINT `shift_tasks_ibfk_4` FOREIGN KEY (`origin_department_id`) REFERENCES `departments` (`id`) ON DELETE SET NULL,
  CONSTRAINT `shift_tasks_ibfk_5` FOREIGN KEY (`destination_department_id`) REFERENCES `departments` (`id`) ON DELETE SET NULL,
  CONSTRAINT `shift_tasks_status_check` CHECK ((`status` in (_utf8mb4'pending',_utf8mb4'completed')))
) ENGINE=InnoDB DEFAULT CHARSET=utf8mb4 COLLATE=utf8mb4_unicode_ci;
/*!40101 SET character_set_client = @saved_cs_client */;

--
-- Dumping data for table `shift_tasks`
--

LOCK TABLES `shift_tasks` WRITE;
/*!40000 ALTER TABLE `shift_tasks` DISABLE KEYS */;
INSERT INTO `shift_tasks` VALUES ('002db2cf-8a62-4d05-b8c4-8388a62b4772','cc307153-0727-4d65-a47f-c8c3d007e1af','dfe98d58-f606-46f0-afb9-363dfe9a4d3a','4b49d53b-2473-4cc9-9b08-221a6548a93d','fa9e4d42-8282-42f8-bfd4-87691e20c7ed','9056ee14-242b-4208-a87d-fc59d24d442c','completed','2025-06-25 02:34:19','2025-06-25 02:34:19','2025-06-25T04:33:00','2025-06-25T04:34:00','2025-06-25T04:55:00'),('0098df0a-f729-4642-8c1f-c3406d24aa8a','8e9345bb-939b-4ef8-a3ce-a35e396b921d','81e0d17c-740a-4a00-9727-81d222f96234',NULL,'f47ac10b-58cc-4372-a567-0e02b2c3d483','969a27a7-f5e5-4c23-b018-128aa2000b97','completed','2025-06-24 20:52:36','2025-06-24 20:52:36','2025-06-24T22:52:00','2025-06-24T22:53:00','2025-06-24T23:14:00'),('025cb139-865c-45b2-9e3d-9da9efee49a0','8e9345bb-939b-4ef8-a3ce-a35e396b921d','dfe98d58-f606-46f0-afb9-363dfe9a4d3a',NULL,'ccb6bf8f-275c-4d24-8907-09b97cbe0eea','9056ee14-242b-4208-a87d-fc59d24d442c','completed','2025-06-24 20:51:26','2025-06-24 20:51:26','2025-06-24T22:50:00','2025-06-24T22:51:00','2025-06-24T23:16:00'),('027ac57b-f613-4fd6-8f49-dbbfe75ce0b1','cc307153-0727-4d65-a47f-c8c3d007e1af','8058ea70-75c8-4e46-a56f-7490a48cd4f5','8da75157-4cc6-4da6-84f5-6dee3a9fce27','7ff7d76d-3fe2-4ec9-baed-39c59cfa14e7','3aa17398-7823-45ae-b76c-9b30d8509ce1','completed','2025-06-25 02:25:53','2025-06-25 02:25:53','2025-06-25T04:25:00','2025-06-25T04:26:00','2025-06-25T04:40:00'),('02e90648-77a3-44c6-af6b-dda057201b1d','9ecdca87-4206-416b-9b84-f0b83cae1fad','e5e84800-eb11-4889-bb97-39ea75ef5190','4ee5cc9a-fa83-4455-8df9-a6c620570a17','bcb9ab4c-88c9-4d90-8b10-d97216de49ed','1bd33204-7a54-4146-9a82-9344a1ee7b3a','completed','2025-06-25 20:59:52','2025-06-25 20:59:52','2025-06-25T22:59:00','2025-06-25T23:00:00','2025-06-25T23:24:00'),('02efb73b-8a2d-4dc3-98d9-e1081160821f','9ecdca87-4206-416b-9b84-f0b83cae1fad','14446938-25cd-4655-ad84-dbb7db871f28','1f1e61c3-848c-441c-8b89-8a85e16285df','f47ac10b-58cc-4372-a567-0e02b2c3d483','1ae5c936-b74c-453e-a614-42b983416e40','completed','2025-06-25 21:01:39','2025-06-25 21:01:39','2025-06-25T23:01:00','2025-06-25T23:02:00','2025-06-25T23:23:00'),('04047869-b4b3-444e-9705-faae540ab2ad','cc307153-0727-4d65-a47f-c8c3d007e1af','14446938-25cd-4655-ad84-dbb7db871f28','4b49d53b-2473-4cc9-9b08-221a6548a93d','44f6b74d-f1a9-4097-b99a-b6f78e3f680c','7693a4aa-75c6-4fa9-b659-321e5f8afd0d','completed','2025-06-25 02:19:16','2025-06-25 02:19:16','2025-06-25T20:55:00','2025-06-25T20:56:00','2025-06-25T21:19:00'),('04eb17e5-cc08-4ce2-82d5-25edc7914f79','9ecdca87-4206-416b-9b84-f0b83cae1fad','b02bb9e1-d3a1-4383-8275-886ebdf6bc86',NULL,'90aad46b-f52f-4c04-9e84-f38d82ba7387','c24a3784-6a06-469f-a764-49621f2d88d3','completed','2025-06-25 23:05:56','2025-06-25 23:05:56','2025-06-26T01:05:00','2025-06-26T01:06:00','2025-06-26T01:27:00'),('06ac8094-0ebf-4453-9ce3-f90bb98bd6cc','cc307153-0727-4d65-a47f-c8c3d007e1af','8058ea70-75c8-4e46-a56f-7490a48cd4f5','4b49d53b-2473-4cc9-9b08-221a6548a93d','7ff7d76d-3fe2-4ec9-baed-39c59cfa14e7','7693a4aa-75c6-4fa9-b659-321e5f8afd0d','completed','2025-06-25 02:23:47','2025-06-25 02:23:47','2025-06-25T04:23:00','2025-06-25T04:24:00','2025-06-25T04:50:00'),('07171ba3-58be-472b-946d-16d6a5c802fb','79dddcc3-f55f-495c-882c-2723d518248a','68e8e006-79dc-4d5f-aed0-20755d53403b','4b49d53b-2473-4cc9-9b08-221a6548a93d','a189c856-581e-4d86-9dc2-de6995be4a3a','9547f487-ef9c-4c1a-8bf9-9e423e32489d','completed','2025-06-26 21:18:45','2025-06-26 21:18:45','2025-06-26T23:17:00','2025-06-26T23:18:00','2025-06-26T23:37:00'),('0a1d9c7f-dbc1-4e38-8cf6-5c7ff35a0302','79dddcc3-f55f-495c-882c-2723d518248a','dfe98d58-f606-46f0-afb9-363dfe9a4d3a','8da75157-4cc6-4da6-84f5-6dee3a9fce27','2b3bbc1d-13fa-4af2-b23e-1e80c2225370','9056ee14-242b-4208-a87d-fc59d24d442c','completed','2025-06-27 04:14:04','2025-06-27 04:15:39','06:13','06:14','06:39'),('0c7a041c-21f7-483a-a861-c483b2ddcb8b','79dddcc3-f55f-495c-882c-2723d518248a','14446938-25cd-4655-ad84-dbb7db871f28','8da75157-4cc6-4da6-84f5-6dee3a9fce27','81c30d93-8712-405c-ac5e-509d48fd9af9','f47ac10b-58cc-4372-a567-0e02b2c3d483','completed','2025-06-26 21:17:06','2025-06-26 21:17:06','2025-06-26T23:16:00','2025-06-26T23:17:00','2025-06-26T23:42:00'),('10a5db27-bba0-4042-b3b0-8016418721b0','8e9345bb-939b-4ef8-a3ce-a35e396b921d','a183cb03-10ec-4dff-8f0d-fafbd4e98ee1',NULL,'dc20fd05-19b3-4874-9d2a-a7c6e24c8b45','2b3bbc1d-13fa-4af2-b23e-1e80c2225370','completed','2025-06-24 22:43:06','2025-06-24 22:43:06','2025-06-24T23:18:00','2025-06-24T23:19:00','2025-06-24T23:38:00'),('12bec645-5790-4a63-b059-1f2ae69b4ece','9ecdca87-4206-416b-9b84-f0b83cae1fad','dfe98d58-f606-46f0-afb9-363dfe9a4d3a','4ee5cc9a-fa83-4455-8df9-a6c620570a17','02c59898-fa58-4b51-b446-7f68dfa1bb9e','9056ee14-242b-4208-a87d-fc59d24d442c','completed','2025-06-25 18:24:06','2025-06-25 18:24:06','2025-06-25T20:23:00','2025-06-25T20:24:00','2025-06-25T20:52:00'),('13a82806-d0ee-4ee1-8b23-948f13ddccb2','cc307153-0727-4d65-a47f-c8c3d007e1af','dfe98d58-f606-46f0-afb9-363dfe9a4d3a','8da75157-4cc6-4da6-84f5-6dee3a9fce27','dc20fd05-19b3-4874-9d2a-a7c6e24c8b45','9056ee14-242b-4208-a87d-fc59d24d442c','completed','2025-06-25 02:07:54','2025-06-25 02:07:54','2025-06-25T04:07:00','2025-06-25T04:08:00','2025-06-25T04:27:00'),('13b3f340-ae66-44a9-88c6-5f2f5951ff50','79dddcc3-f55f-495c-882c-2723d518248a','ee6c4e53-bcfa-4271-b0d5-dc61a5d0427c','4ee5cc9a-fa83-4455-8df9-a6c620570a17','bcb9ab4c-88c9-4d90-8b10-d97216de49ed','c24a3784-6a06-469f-a764-49621f2d88d3','completed','2025-06-26 23:47:55','2025-06-26 23:47:55','2025-06-27T01:47:00','2025-06-27T01:48:00','2025-06-27T02:06:00'),('145b56bb-0e55-48a1-ae14-3b5a72c44e13','8e9345bb-939b-4ef8-a3ce-a35e396b921d','dfe98d58-f606-46f0-afb9-363dfe9a4d3a',NULL,'23199491-fe75-4c33-9cc8-1c86070cf0d1','9056ee14-242b-4208-a87d-fc59d24d442c','completed','2025-06-24 20:52:14','2025-06-24 20:52:14','2025-06-24T22:51:00','2025-06-24T22:52:00','2025-06-24T23:21:00'),('15251c86-a5b0-4e61-9b1f-99399855213b','79dddcc3-f55f-495c-882c-2723d518248a','dfe98d58-f606-46f0-afb9-363dfe9a4d3a','8da75157-4cc6-4da6-84f5-6dee3a9fce27','7693a4aa-75c6-4fa9-b659-321e5f8afd0d','9056ee14-242b-4208-a87d-fc59d24d442c','completed','2025-06-27 05:38:03','2025-06-27 05:38:03','2025-06-27T07:37:00','2025-06-27T07:38:00','2025-06-27T08:06:00'),('19021d2a-0f3a-43ee-9361-ba48b347a44c','8e9345bb-939b-4ef8-a3ce-a35e396b921d','68e8e006-79dc-4d5f-aed0-20755d53403b','8da75157-4cc6-4da6-84f5-6dee3a9fce27','a189c856-581e-4d86-9dc2-de6995be4a3a','9547f487-ef9c-4c1a-8bf9-9e423e32489d','completed','2025-06-24 21:00:53','2025-06-24 21:00:53','2025-06-24T22:59:00','2025-06-24T23:00:00','2025-06-24T23:24:00'),('198edede-3c02-4480-9913-69fd00b9fb0a','8e9345bb-939b-4ef8-a3ce-a35e396b921d','a9026cd2-92b9-4a53-acc6-4cdc0acdcf99','4b49d53b-2473-4cc9-9b08-221a6548a93d','7ff7d76d-3fe2-4ec9-baed-39c59cfa14e7','3aa17398-7823-45ae-b76c-9b30d8509ce1','completed','2025-06-24 20:59:02','2025-06-24 20:59:02','2025-06-24T22:58:00','2025-06-24T22:59:00','2025-06-24T23:18:00'),('1a13ad21-5ce1-418b-9da6-41ae3022499a','9ecdca87-4206-416b-9b84-f0b83cae1fad','dfe98d58-f606-46f0-afb9-363dfe9a4d3a','5bfb19a8-f295-4e17-b63d-01166fd22acf','ccb6bf8f-275c-4d24-8907-09b97cbe0eea','9056ee14-242b-4208-a87d-fc59d24d442c','completed','2025-06-25 21:01:15','2025-06-25 21:01:15','2025-06-25T23:00:00','2025-06-25T23:01:00','2025-06-25T23:25:00'),('1c475f8a-0f3a-400b-a737-573eed5be7c1','cc307153-0727-4d65-a47f-c8c3d007e1af','ee6c4e53-bcfa-4271-b0d5-dc61a5d0427c','4ee5cc9a-fa83-4455-8df9-a6c620570a17','bcb9ab4c-88c9-4d90-8b10-d97216de49ed','02c59898-fa58-4b51-b446-7f68dfa1bb9e','completed','2025-06-25 02:30:59','2025-06-25 02:30:59','2025-06-25T00:30:00','2025-06-25T00:31:00','2025-06-25T01:00:00'),('1c4a92c3-aee7-48a5-8ede-b57c394b9cdb','cc307153-0727-4d65-a47f-c8c3d007e1af','a183cb03-10ec-4dff-8f0d-fafbd4e98ee1','8da75157-4cc6-4da6-84f5-6dee3a9fce27','dc20fd05-19b3-4874-9d2a-a7c6e24c8b45','2b3bbc1d-13fa-4af2-b23e-1e80c2225370','completed','2025-06-25 02:33:45','2025-06-25 02:33:45','2025-06-25T04:32:00','2025-06-25T04:33:00','2025-06-25T05:01:00'),('25baf9d2-eeea-441b-9976-bbd16c173954','9ecdca87-4206-416b-9b84-f0b83cae1fad','e5e84800-eb11-4889-bb97-39ea75ef5190','4ee5cc9a-fa83-4455-8df9-a6c620570a17','bcb9ab4c-88c9-4d90-8b10-d97216de49ed','81c30d93-8712-405c-ac5e-509d48fd9af9','completed','2025-06-25 20:59:33','2025-06-25 20:59:33','2025-06-25T22:57:00','2025-06-25T22:58:00','2025-06-25T23:19:00'),('28cd9c92-8979-415a-ac5b-e576fe1c3144','79dddcc3-f55f-495c-882c-2723d518248a','14446938-25cd-4655-ad84-dbb7db871f28','5bfb19a8-f295-4e17-b63d-01166fd22acf','81c30d93-8712-405c-ac5e-509d48fd9af9','8a02eaa0-61c8-4c3c-846a-d723e27cd408','completed','2025-06-26 21:33:34','2025-06-26 21:33:34','2025-06-26T23:31:00','2025-06-26T23:32:00','2025-06-26T23:52:00'),('30c59f75-8c58-4c74-8bc0-6102f7867f41','79dddcc3-f55f-495c-882c-2723d518248a','496c3b93-bc9c-4ea3-b022-aa2843d166e0','5bfb19a8-f295-4e17-b63d-01166fd22acf','60c6f384-09d7-4ec8-bc90-b72fe1d82af9',NULL,'completed','2025-06-26 23:49:17','2025-06-26 23:49:17','2025-06-27T01:48:00','2025-06-27T01:49:00','2025-06-27T02:16:00'),('30c5d8f2-f222-46c1-90bc-bc9512285e56','8e9345bb-939b-4ef8-a3ce-a35e396b921d','68e8e006-79dc-4d5f-aed0-20755d53403b','8da75157-4cc6-4da6-84f5-6dee3a9fce27','81c30d93-8712-405c-ac5e-509d48fd9af9','3aa17398-7823-45ae-b76c-9b30d8509ce1','completed','2025-06-24 20:59:21','2025-06-24 20:59:21','2025-06-24T22:59:00','2025-06-24T23:00:00','2025-06-24T23:26:00'),('3668f30e-ff68-4aa4-a6be-4fcd4b2f6d40','8e9345bb-939b-4ef8-a3ce-a35e396b921d','14446938-25cd-4655-ad84-dbb7db871f28','4b49d53b-2473-4cc9-9b08-221a6548a93d','44f6b74d-f1a9-4097-b99a-b6f78e3f680c','7693a4aa-75c6-4fa9-b659-321e5f8afd0d','completed','2025-06-24 20:53:25','2025-06-24 20:53:25','2025-06-24T22:53:00','2025-06-24T22:54:00','2025-06-24T23:08:00'),('377be222-ddee-4afb-bdaf-f8622f8d898e','9ecdca87-4206-416b-9b84-f0b83cae1fad','68e8e006-79dc-4d5f-aed0-20755d53403b','1f1e61c3-848c-441c-8b89-8a85e16285df','81c30d93-8712-405c-ac5e-509d48fd9af9','a189c856-581e-4d86-9dc2-de6995be4a3a','completed','2025-06-26 03:32:25','2025-06-26 03:32:25','2025-06-26T05:32:00','2025-06-26T05:33:00','2025-06-26T05:56:00'),('377dd7eb-d103-4a06-b626-307ca2b5de72','cc307153-0727-4d65-a47f-c8c3d007e1af','68e8e006-79dc-4d5f-aed0-20755d53403b','5bfb19a8-f295-4e17-b63d-01166fd22acf','44f6b74d-f1a9-4097-b99a-b6f78e3f680c','3aa17398-7823-45ae-b76c-9b30d8509ce1','completed','2025-06-25 02:30:25','2025-06-25 02:30:25','2025-06-25T00:29:00','2025-06-25T00:30:00','2025-06-25T00:59:00'),('388c4992-b4d8-46fc-9ed8-a0a35165427f','cc307153-0727-4d65-a47f-c8c3d007e1af','68e8e006-79dc-4d5f-aed0-20755d53403b','5bfb19a8-f295-4e17-b63d-01166fd22acf','81c30d93-8712-405c-ac5e-509d48fd9af9','0a2faff1-cb45-4342-ab0a-ec6fac6649c9','completed','2025-06-25 02:32:46','2025-06-25 02:32:46','2025-06-25T01:37:00','2025-06-25T01:38:00','2025-06-25T01:57:00'),('3c0cb11a-6419-4ce8-82d2-62c2012f6846','8e9345bb-939b-4ef8-a3ce-a35e396b921d','14446938-25cd-4655-ad84-dbb7db871f28',NULL,'81c30d93-8712-405c-ac5e-509d48fd9af9','0a2faff1-cb45-4342-ab0a-ec6fac6649c9','completed','2025-06-24 20:54:32','2025-06-24 20:54:32','2025-06-24T22:53:00','2025-06-24T22:54:00','2025-06-24T23:09:00'),('3c942f58-60dd-41d5-b427-be8962ede16f','79dddcc3-f55f-495c-882c-2723d518248a','e5e84800-eb11-4889-bb97-39ea75ef5190','1f1e61c3-848c-441c-8b89-8a85e16285df','bcb9ab4c-88c9-4d90-8b10-d97216de49ed','1bd33204-7a54-4146-9a82-9344a1ee7b3a','completed','2025-06-26 21:31:37','2025-06-26 21:31:37','2025-06-26T23:31:00','2025-06-26T23:32:00','2025-06-26T23:48:00'),('3df60805-12ac-47ad-bcd9-04d7ac36d12d','cc307153-0727-4d65-a47f-c8c3d007e1af','dfe98d58-f606-46f0-afb9-363dfe9a4d3a','4ee5cc9a-fa83-4455-8df9-a6c620570a17','2b3bbc1d-13fa-4af2-b23e-1e80c2225370','9056ee14-242b-4208-a87d-fc59d24d442c','completed','2025-06-25 02:16:20','2025-06-25 02:16:44','20:15','20:16','20:38'),('45b3cf9b-4336-493e-b225-6a0df5457f0b','9ecdca87-4206-416b-9b84-f0b83cae1fad','e5e84800-eb11-4889-bb97-39ea75ef5190','4ee5cc9a-fa83-4455-8df9-a6c620570a17','bcb9ab4c-88c9-4d90-8b10-d97216de49ed','1bd33204-7a54-4146-9a82-9344a1ee7b3a','completed','2025-06-26 03:11:54','2025-06-26 03:11:54','2025-06-26T05:11:00','2025-06-26T05:12:00','2025-06-26T05:37:00'),('46a4a7c5-e97e-4def-a2e1-b0f406b418c4','79dddcc3-f55f-495c-882c-2723d518248a','dfe98d58-f606-46f0-afb9-363dfe9a4d3a','4ee5cc9a-fa83-4455-8df9-a6c620570a17','fa9e4d42-8282-42f8-bfd4-87691e20c7ed','9056ee14-242b-4208-a87d-fc59d24d442c','completed','2025-06-26 21:20:27','2025-06-26 21:20:27','2025-06-26T23:20:00','2025-06-26T23:21:00','2025-06-26T23:41:00'),('4a9783a2-95e5-42fb-a7ea-a84c2c18ca9a','79dddcc3-f55f-495c-882c-2723d518248a','68e8e006-79dc-4d5f-aed0-20755d53403b','5bfb19a8-f295-4e17-b63d-01166fd22acf','c487a171-dafb-430c-9ef9-b7f8964d7fa6','1ae5c936-b74c-453e-a614-42b983416e40','completed','2025-06-26 21:16:13','2025-06-26 21:16:13','2025-06-26T23:15:00','2025-06-26T23:16:00','2025-06-26T23:44:00'),('4ac43f4d-753a-46bc-bb61-69744af404e0','79dddcc3-f55f-495c-882c-2723d518248a','be835d6f-62c6-48bf-ae5f-5257e097349b','5bfb19a8-f295-4e17-b63d-01166fd22acf','3aa17398-7823-45ae-b76c-9b30d8509ce1','99d8db21-2c14-4f8f-8e54-54fc81004997','completed','2025-06-26 21:20:03','2025-06-26 21:20:03','2025-06-26T23:19:00','2025-06-26T23:20:00','2025-06-26T23:38:00'),('4f580f3b-3efa-4e57-8224-fa66cadb2415','79dddcc3-f55f-495c-882c-2723d518248a','5c0c9e25-ae34-4872-8696-4c4ce6e76112','4b49d53b-2473-4cc9-9b08-221a6548a93d','fa9e4d42-8282-42f8-bfd4-87691e20c7ed','9056ee14-242b-4208-a87d-fc59d24d442c','completed','2025-06-27 03:13:57','2025-06-27 03:13:57','2025-06-27T05:10:00','2025-06-27T05:11:00','2025-06-27T05:28:00'),('570f8e4f-477f-4afe-8d04-919a098f7e27','79dddcc3-f55f-495c-882c-2723d518248a','8058ea70-75c8-4e46-a56f-7490a48cd4f5','4b49d53b-2473-4cc9-9b08-221a6548a93d','7ff7d76d-3fe2-4ec9-baed-39c59cfa14e7','1bd33204-7a54-4146-9a82-9344a1ee7b3a','completed','2025-06-27 01:49:30','2025-06-27 03:14:42','03:48','03:49','04:14'),('5d567644-4db9-4156-8b4d-aed5b9dfb6bf','9ecdca87-4206-416b-9b84-f0b83cae1fad','dfe98d58-f606-46f0-afb9-363dfe9a4d3a','5bfb19a8-f295-4e17-b63d-01166fd22acf','dc20fd05-19b3-4874-9d2a-a7c6e24c8b45','9056ee14-242b-4208-a87d-fc59d24d442c','completed','2025-06-25 23:05:17','2025-06-25 23:05:17','2025-06-26T01:04:00','2025-06-26T01:05:00','2025-06-26T01:32:00'),('5ecc9ed9-7aa3-40ad-b709-ed4939464774','9ecdca87-4206-416b-9b84-f0b83cae1fad','14446938-25cd-4655-ad84-dbb7db871f28','1f1e61c3-848c-441c-8b89-8a85e16285df','81c30d93-8712-405c-ac5e-509d48fd9af9','f47ac10b-58cc-4372-a567-0e02b2c3d483','completed','2025-06-26 00:27:33','2025-06-26 00:27:33','2025-06-26T02:27:00','2025-06-26T02:28:00','2025-06-26T02:46:00'),('61fa5a94-55af-4e4a-b2af-1a1e597e57d4','cc307153-0727-4d65-a47f-c8c3d007e1af','dfe98d58-f606-46f0-afb9-363dfe9a4d3a','8da75157-4cc6-4da6-84f5-6dee3a9fce27','dc20fd05-19b3-4874-9d2a-a7c6e24c8b45','9056ee14-242b-4208-a87d-fc59d24d442c','completed','2025-06-25 02:34:36','2025-06-25 02:34:36','2025-06-25T04:34:00','2025-06-25T04:35:00','2025-06-25T04:59:00'),('6331649d-17cb-43f8-8927-09e51c3e2fb7','cc307153-0727-4d65-a47f-c8c3d007e1af','14446938-25cd-4655-ad84-dbb7db871f28','8da75157-4cc6-4da6-84f5-6dee3a9fce27','81c30d93-8712-405c-ac5e-509d48fd9af9','0a2faff1-cb45-4342-ab0a-ec6fac6649c9','completed','2025-06-25 02:22:45','2025-06-25 02:22:45','2025-06-25T04:22:00','2025-06-25T04:23:00','2025-06-25T04:51:00'),('658e9777-85a3-45fa-be2a-9e64089aad1d','79dddcc3-f55f-495c-882c-2723d518248a','dfe98d58-f606-46f0-afb9-363dfe9a4d3a','1f1e61c3-848c-441c-8b89-8a85e16285df','6d2fec2e-7a59-4a30-97e9-03c9f4672eea','9056ee14-242b-4208-a87d-fc59d24d442c','completed','2025-06-27 04:14:20','2025-06-27 04:14:20','2025-06-27T06:14:00','2025-06-27T06:15:00','2025-06-27T06:38:00'),('65926f9a-507c-4031-8db4-6ba693cc44ba','79dddcc3-f55f-495c-882c-2723d518248a','dfe98d58-f606-46f0-afb9-363dfe9a4d3a','4b49d53b-2473-4cc9-9b08-221a6548a93d','fa9e4d42-8282-42f8-bfd4-87691e20c7ed','9056ee14-242b-4208-a87d-fc59d24d442c','completed','2025-06-27 03:23:29','2025-06-27 03:23:29','2025-06-27T05:23:00','2025-06-27T05:24:00','2025-06-27T05:43:00'),('6604edab-42e2-415e-8cae-40c2c8b44d80','9ecdca87-4206-416b-9b84-f0b83cae1fad','b8fed973-ab36-4d31-801a-7ebbde95413a','4ee5cc9a-fa83-4455-8df9-a6c620570a17','9547f487-ef9c-4c1a-8bf9-9e423e32489d','7ff7d76d-3fe2-4ec9-baed-39c59cfa14e7','completed','2025-06-26 04:55:53','2025-06-26 04:55:53','2025-06-26T06:55:00','2025-06-26T06:56:00','2025-06-26T07:23:00'),('663092eb-d598-46c7-809f-116a0716ad90','8e9345bb-939b-4ef8-a3ce-a35e396b921d','68e8e006-79dc-4d5f-aed0-20755d53403b','8da75157-4cc6-4da6-84f5-6dee3a9fce27','831035d1-93e9-4683-af25-b40c2332b2fe','44f6b74d-f1a9-4097-b99a-b6f78e3f680c','completed','2025-06-24 22:47:16','2025-06-24 22:47:16','2025-06-24T00:46:00','2025-06-24T00:47:00','2025-06-24T01:05:00'),('66d81e14-a81f-4570-892e-09a95ea5ecc5','8e9345bb-939b-4ef8-a3ce-a35e396b921d','8058ea70-75c8-4e46-a56f-7490a48cd4f5','4b49d53b-2473-4cc9-9b08-221a6548a93d','7ff7d76d-3fe2-4ec9-baed-39c59cfa14e7','44f6b74d-f1a9-4097-b99a-b6f78e3f680c','completed','2025-06-24 20:50:42','2025-06-24 20:50:42','2025-06-24T22:50:00','2025-06-24T22:51:00','2025-06-24T23:13:00'),('6ec36aba-562d-43e5-9848-90fe155069bd','cc307153-0727-4d65-a47f-c8c3d007e1af','14446938-25cd-4655-ad84-dbb7db871f28','4b49d53b-2473-4cc9-9b08-221a6548a93d','6dc82d06-d4d2-4824-9a83-d89b583b7554','831035d1-93e9-4683-af25-b40c2332b2fe','completed','2025-06-25 02:17:43','2025-06-25 02:18:23','20:32','20:33','20:53'),('723d910d-e0d2-4c47-8710-6a8f34ff859d','9ecdca87-4206-416b-9b84-f0b83cae1fad','dfe98d58-f606-46f0-afb9-363dfe9a4d3a','5bfb19a8-f295-4e17-b63d-01166fd22acf','1831f136-80c5-4b85-9eff-b28610808802','9056ee14-242b-4208-a87d-fc59d24d442c','completed','2025-06-26 00:27:03','2025-06-26 00:27:03','2025-06-26T02:26:00','2025-06-26T02:27:00','2025-06-26T02:51:00'),('732a3e28-5372-4974-be7a-7042f18924f8','cc307153-0727-4d65-a47f-c8c3d007e1af','14446938-25cd-4655-ad84-dbb7db871f28','5bfb19a8-f295-4e17-b63d-01166fd22acf','81c30d93-8712-405c-ac5e-509d48fd9af9','f47ac10b-58cc-4372-a567-0e02b2c3d484','completed','2025-06-25 02:31:31','2025-06-25 02:31:31','2025-06-25T04:31:00','2025-06-25T04:32:00','2025-06-25T04:55:00'),('75015a41-67a7-4cee-ab2a-4ff54aea3ea8','8e9345bb-939b-4ef8-a3ce-a35e396b921d','1e2a9593-d001-4da8-b020-0081d0492468','5bfb19a8-f295-4e17-b63d-01166fd22acf','2aaff65e-ca83-42ce-961f-802b7a0137ab','2aaff65e-ca83-42ce-961f-802b7a0137ab','completed','2025-06-24 21:02:45','2025-06-24 21:02:45','2025-06-24T23:01:00','2025-06-24T23:02:00','2025-06-24T23:28:00'),('75a3f096-30d6-4434-935b-6664f66bac7c','cc307153-0727-4d65-a47f-c8c3d007e1af','e5e84800-eb11-4889-bb97-39ea75ef5190','4ee5cc9a-fa83-4455-8df9-a6c620570a17','bcb9ab4c-88c9-4d90-8b10-d97216de49ed','9dae2f86-2058-4c9c-a428-76f5648553d3','completed','2025-06-25 02:23:07','2025-06-25 02:23:22','22:07','22:08','22:35'),('80dee8b7-a517-4517-ae63-7764cd3692dc','cc307153-0727-4d65-a47f-c8c3d007e1af','68e8e006-79dc-4d5f-aed0-20755d53403b','8da75157-4cc6-4da6-84f5-6dee3a9fce27','81c30d93-8712-405c-ac5e-509d48fd9af9','3aa17398-7823-45ae-b76c-9b30d8509ce1','completed','2025-06-25 02:27:07','2025-06-25 02:27:07','2025-06-25T23:26:00','2025-06-25T23:27:00','2025-06-25T23:51:00'),('8446416c-7638-4296-9e88-2f76ece4007c','9ecdca87-4206-416b-9b84-f0b83cae1fad','14446938-25cd-4655-ad84-dbb7db871f28','1f1e61c3-848c-441c-8b89-8a85e16285df','81c30d93-8712-405c-ac5e-509d48fd9af9','f47ac10b-58cc-4372-a567-0e02b2c3d484','completed','2025-06-25 18:58:14','2025-06-25 18:58:53','20:57','20:58','21:16'),('85c2afb3-b689-48c6-8ded-0a497651e711','9ecdca87-4206-416b-9b84-f0b83cae1fad','dfe98d58-f606-46f0-afb9-363dfe9a4d3a','4ee5cc9a-fa83-4455-8df9-a6c620570a17','dc20fd05-19b3-4874-9d2a-a7c6e24c8b45','9056ee14-242b-4208-a87d-fc59d24d442c','completed','2025-06-26 00:29:10','2025-06-26 00:29:10','2025-06-26T02:28:00','2025-06-26T02:29:00','2025-06-26T02:47:00'),('87f87b9e-2eee-4b52-acba-4877e37f91cb','79dddcc3-f55f-495c-882c-2723d518248a','ddcc2518-2bf4-4b6e-a1e9-c38c47a5eb01','1f1e61c3-848c-441c-8b89-8a85e16285df','9056ee14-242b-4208-a87d-fc59d24d442c','02c59898-fa58-4b51-b446-7f68dfa1bb9e','completed','2025-06-26 22:05:18','2025-06-26 22:05:18','2025-06-26T00:05:00','2025-06-26T00:06:00','2025-06-26T00:27:00'),('8820eabe-0a51-4b05-a492-2303d98040b7','cc307153-0727-4d65-a47f-c8c3d007e1af','93150478-e3b7-4315-bfb2-8f44a78b2f77','8da75157-4cc6-4da6-84f5-6dee3a9fce27','4430a59f-4d77-4b74-9a3c-3f2430620842','3aa17398-7823-45ae-b76c-9b30d8509ce1','completed','2025-06-25 02:26:16','2025-06-25 02:26:16','2025-06-25T04:25:00','2025-06-25T04:26:00','2025-06-25T04:55:00'),('893cc0ad-d06d-4383-b620-7ca56865c257','8e9345bb-939b-4ef8-a3ce-a35e396b921d','14446938-25cd-4655-ad84-dbb7db871f28','5bfb19a8-f295-4e17-b63d-01166fd22acf','81c30d93-8712-405c-ac5e-509d48fd9af9','f47ac10b-58cc-4372-a567-0e02b2c3d484','completed','2025-06-24 22:46:02','2025-06-24 22:46:02','2025-06-24T00:45:00','2025-06-24T00:46:00','2025-06-24T01:12:00'),('8c3b6542-39ea-4522-a874-e1ae5d0b36e1','8e9345bb-939b-4ef8-a3ce-a35e396b921d','a59c446d-7263-4733-93ce-5823448a5fde','5bfb19a8-f295-4e17-b63d-01166fd22acf','167c7358-aa39-498e-b0b0-bda652b27401','167c7358-aa39-498e-b0b0-bda652b27401','completed','2025-06-24 20:59:52','2025-06-24 20:59:52','2025-06-24T22:59:00','2025-06-24T23:00:00','2025-06-24T23:18:00'),('8e08e624-cdd7-475e-af7e-9d9c800fde79','9ecdca87-4206-416b-9b84-f0b83cae1fad','93150478-e3b7-4315-bfb2-8f44a78b2f77','1aaab277-ecf2-40dd-a764-eaaf8af7615b','4430a59f-4d77-4b74-9a3c-3f2430620842','0a2faff1-cb45-4342-ab0a-ec6fac6649c9','completed','2025-06-25 18:33:27','2025-06-25 18:34:33','20:33','20:34','21:00'),('91ad9d8b-3227-4bf8-8cc9-1974925733f3','9ecdca87-4206-416b-9b84-f0b83cae1fad','dfe98d58-f606-46f0-afb9-363dfe9a4d3a','1f1e61c3-848c-441c-8b89-8a85e16285df','2b3bbc1d-13fa-4af2-b23e-1e80c2225370','9056ee14-242b-4208-a87d-fc59d24d442c','completed','2025-06-26 03:12:33','2025-06-26 03:12:33','2025-06-26T05:12:00','2025-06-26T05:13:00','2025-06-26T05:27:00'),('93414e4c-d5aa-4817-9917-b8ae45f908dd','79dddcc3-f55f-495c-882c-2723d518248a','be835d6f-62c6-48bf-ae5f-5257e097349b','4b49d53b-2473-4cc9-9b08-221a6548a93d','f47ac10b-58cc-4372-a567-0e02b2c3d483','99d8db21-2c14-4f8f-8e54-54fc81004997','completed','2025-06-26 21:15:03','2025-06-26 21:15:03','2025-06-26T20:01:00','2025-06-26T20:02:00','2025-06-26T20:35:00'),('9362c24f-3da6-4178-b668-63e537606f0a','cc307153-0727-4d65-a47f-c8c3d007e1af','81e0d17c-740a-4a00-9727-81d222f96234','4ee5cc9a-fa83-4455-8df9-a6c620570a17','f47ac10b-58cc-4372-a567-0e02b2c3d483','969a27a7-f5e5-4c23-b018-128aa2000b97','completed','2025-06-25 02:17:11','2025-06-25 02:17:11','2025-06-25T04:16:00','2025-06-25T04:17:00','2025-06-25T04:33:00'),('95e8c161-2b53-4de2-85ff-15bb564ae18e','9ecdca87-4206-416b-9b84-f0b83cae1fad','14446938-25cd-4655-ad84-dbb7db871f28','1f1e61c3-848c-441c-8b89-8a85e16285df','81c30d93-8712-405c-ac5e-509d48fd9af9','3aa17398-7823-45ae-b76c-9b30d8509ce1','completed','2025-06-26 00:28:51','2025-06-26 00:28:51','2025-06-26T02:28:00','2025-06-26T02:29:00','2025-06-26T02:53:00'),('a3aa27cb-d258-4d7d-b3f4-7b2ec92387b5','79dddcc3-f55f-495c-882c-2723d518248a','93150478-e3b7-4315-bfb2-8f44a78b2f77','4ee5cc9a-fa83-4455-8df9-a6c620570a17','4430a59f-4d77-4b74-9a3c-3f2430620842','0c84847e-4ec6-4464-9a5c-2a6833604ce0','completed','2025-06-26 21:15:25','2025-06-26 21:15:25','2025-06-26T23:15:00','2025-06-26T23:16:00','2025-06-26T23:45:00'),('a584a275-56a6-42ca-aa9b-f9fac1dd97a8','79dddcc3-f55f-495c-882c-2723d518248a','b8fed973-ab36-4d31-801a-7ebbde95413a','1f1e61c3-848c-441c-8b89-8a85e16285df','f47ac10b-58cc-4372-a567-0e02b2c3d484','02c59898-fa58-4b51-b446-7f68dfa1bb9e','completed','2025-06-26 21:17:57','2025-06-26 21:17:57','2025-06-26T23:17:00','2025-06-26T23:18:00','2025-06-26T23:34:00'),('a5b4f22a-a376-4668-8922-7384de896eec','79dddcc3-f55f-495c-882c-2723d518248a','14446938-25cd-4655-ad84-dbb7db871f28','4b49d53b-2473-4cc9-9b08-221a6548a93d','81c30d93-8712-405c-ac5e-509d48fd9af9','9547f487-ef9c-4c1a-8bf9-9e423e32489d','completed','2025-06-26 23:48:43','2025-06-26 23:48:43','2025-06-27T01:47:00','2025-06-27T01:48:00','2025-06-27T02:07:00'),('a603bcdd-f88f-4ae6-821c-22da732c6525','9ecdca87-4206-416b-9b84-f0b83cae1fad','14446938-25cd-4655-ad84-dbb7db871f28','4b49d53b-2473-4cc9-9b08-221a6548a93d','831035d1-93e9-4683-af25-b40c2332b2fe','7693a4aa-75c6-4fa9-b659-321e5f8afd0d','completed','2025-06-25 23:04:52','2025-06-25 23:04:52','2025-06-26T01:04:00','2025-06-26T01:05:00','2025-06-26T01:33:00'),('a8c34042-3778-4fd5-88cc-c6a4fe8fbd79','cc307153-0727-4d65-a47f-c8c3d007e1af','a59c446d-7263-4733-93ce-5823448a5fde','5bfb19a8-f295-4e17-b63d-01166fd22acf','167c7358-aa39-498e-b0b0-bda652b27401','167c7358-aa39-498e-b0b0-bda652b27401','completed','2025-06-25 02:27:42','2025-06-25 02:27:42','2025-06-25T04:27:00','2025-06-25T04:28:00','2025-06-25T04:42:00'),('adcc1272-aa2a-455a-8cd8-a1f22b3c70ab','cc307153-0727-4d65-a47f-c8c3d007e1af','dfe98d58-f606-46f0-afb9-363dfe9a4d3a','4ee5cc9a-fa83-4455-8df9-a6c620570a17','ccb6bf8f-275c-4d24-8907-09b97cbe0eea','9056ee14-242b-4208-a87d-fc59d24d442c','completed','2025-06-25 02:15:55','2025-06-25 02:15:55','2025-06-25T20:15:00','2025-06-25T20:16:00','2025-06-25T20:37:00'),('b31bc24c-bed0-4573-917c-f320295aa9ac','8e9345bb-939b-4ef8-a3ce-a35e396b921d','8058ea70-75c8-4e46-a56f-7490a48cd4f5','8da75157-4cc6-4da6-84f5-6dee3a9fce27','7ff7d76d-3fe2-4ec9-baed-39c59cfa14e7','7693a4aa-75c6-4fa9-b659-321e5f8afd0d','completed','2025-06-24 20:58:12','2025-06-24 20:58:12','2025-06-24T22:57:00','2025-06-24T22:58:00','2025-06-24T23:12:00'),('b6c482a8-4cd6-4025-bde4-376997f298ad','79dddcc3-f55f-495c-882c-2723d518248a','3af07cde-49fa-48fc-b46a-4367a3850b9b','1f1e61c3-848c-441c-8b89-8a85e16285df','a189c856-581e-4d86-9dc2-de6995be4a3a','c24a3784-6a06-469f-a764-49621f2d88d3','completed','2025-06-27 05:37:41','2025-06-27 05:37:41','2025-06-27T07:36:00','2025-06-27T07:37:00','2025-06-27T08:05:00'),('b6f3b0f4-c80d-44c2-8006-62b10abc3041','79dddcc3-f55f-495c-882c-2723d518248a','68e8e006-79dc-4d5f-aed0-20755d53403b','5bfb19a8-f295-4e17-b63d-01166fd22acf','81c30d93-8712-405c-ac5e-509d48fd9af9','8a02eaa0-61c8-4c3c-846a-d723e27cd408','completed','2025-06-26 21:34:21','2025-06-26 21:34:21','2025-06-26T23:34:00','2025-06-26T23:35:00','2025-06-26T23:49:00'),('b88df3b7-b0dd-4c15-a84e-5be4d8ccef9a','9ecdca87-4206-416b-9b84-f0b83cae1fad','93150478-e3b7-4315-bfb2-8f44a78b2f77','1f1e61c3-848c-441c-8b89-8a85e16285df','4430a59f-4d77-4b74-9a3c-3f2430620842','1bd33204-7a54-4146-9a82-9344a1ee7b3a','completed','2025-06-26 00:28:20','2025-06-26 00:28:20','2025-06-26T02:27:00','2025-06-26T02:28:00','2025-06-26T02:48:00'),('bdf41388-9668-4d93-b401-ec8f5d3d9af4','cc307153-0727-4d65-a47f-c8c3d007e1af','a183cb03-10ec-4dff-8f0d-fafbd4e98ee1','4ee5cc9a-fa83-4455-8df9-a6c620570a17','dc20fd05-19b3-4874-9d2a-a7c6e24c8b45','2b3bbc1d-13fa-4af2-b23e-1e80c2225370','completed','2025-06-25 02:29:39','2025-06-25 02:29:39','2025-06-25T23:28:00','2025-06-25T23:29:00','2025-06-25T23:43:00'),('c1363a82-8b96-4adb-86bf-1f21ba652ba6','9ecdca87-4206-416b-9b84-f0b83cae1fad','14446938-25cd-4655-ad84-dbb7db871f28','4b49d53b-2473-4cc9-9b08-221a6548a93d','44f6b74d-f1a9-4097-b99a-b6f78e3f680c','c487a171-dafb-430c-9ef9-b7f8964d7fa6','completed','2025-06-25 21:00:21','2025-06-25 21:00:21','2025-06-25T22:59:00','2025-06-25T23:00:00','2025-06-25T23:22:00'),('c2c4bccb-377d-494b-b5a2-f1cbd7f4dcbe','cc307153-0727-4d65-a47f-c8c3d007e1af','dfe98d58-f606-46f0-afb9-363dfe9a4d3a','4ee5cc9a-fa83-4455-8df9-a6c620570a17','ccb6bf8f-275c-4d24-8907-09b97cbe0eea','9056ee14-242b-4208-a87d-fc59d24d442c','completed','2025-06-25 01:21:24','2025-06-25 01:21:24','2025-06-25T03:20:00','2025-06-25T03:21:00','2025-06-25T03:42:00'),('c3c79131-9d57-488f-86b6-d7aa7abd0a19','8e9345bb-939b-4ef8-a3ce-a35e396b921d','68e8e006-79dc-4d5f-aed0-20755d53403b','8da75157-4cc6-4da6-84f5-6dee3a9fce27','44f6b74d-f1a9-4097-b99a-b6f78e3f680c','3aa17398-7823-45ae-b76c-9b30d8509ce1','completed','2025-06-24 22:43:34','2025-06-24 22:43:34','2025-06-24T00:43:00','2025-06-24T00:44:00','2025-06-24T01:12:00'),('c68b54c9-048e-42ce-84b8-5590a634a180','79dddcc3-f55f-495c-882c-2723d518248a','14446938-25cd-4655-ad84-dbb7db871f28','1f1e61c3-848c-441c-8b89-8a85e16285df','02c59898-fa58-4b51-b446-7f68dfa1bb9e','f47ac10b-58cc-4372-a567-0e02b2c3d484','completed','2025-06-26 21:19:19','2025-06-26 21:19:19','2025-06-26T23:18:00','2025-06-26T23:19:00','2025-06-26T23:38:00'),('c69ebcf0-02e3-423d-bfc7-1b36bdaac2fd','9ecdca87-4206-416b-9b84-f0b83cae1fad','e6068d5d-4bc5-4358-8bae-ed23759dc733','5bfb19a8-f295-4e17-b63d-01166fd22acf','d213240b-3564-467a-9c2e-465bf4affe6a','0ef2ced8-b3f0-4e8d-a468-1b65b6b360f1','completed','2025-06-26 04:54:59','2025-06-26 04:54:59','2025-06-26T06:54:00','2025-06-26T06:55:00','2025-06-26T07:11:00'),('c7369f1a-829c-4665-887b-ffe5c46cac5c','79dddcc3-f55f-495c-882c-2723d518248a','68e8e006-79dc-4d5f-aed0-20755d53403b','4b49d53b-2473-4cc9-9b08-221a6548a93d','81c30d93-8712-405c-ac5e-509d48fd9af9','a189c856-581e-4d86-9dc2-de6995be4a3a','completed','2025-06-26 22:01:46','2025-06-26 22:01:46','2025-06-26T00:01:00','2025-06-26T00:02:00','2025-06-26T00:28:00'),('c78d056b-4ec5-45aa-89c1-9a6730562a6f','8e9345bb-939b-4ef8-a3ce-a35e396b921d','dfe98d58-f606-46f0-afb9-363dfe9a4d3a',NULL,'7babbb12-15f9-4483-8b05-61220ed37167','9056ee14-242b-4208-a87d-fc59d24d442c','completed','2025-06-24 20:53:56','2025-06-24 20:53:56','2025-06-24T22:53:00','2025-06-24T22:54:00','2025-06-24T23:11:00'),('c886384b-f6ea-4dfe-b4aa-5aaf9a7516cc','9ecdca87-4206-416b-9b84-f0b83cae1fad','dfe98d58-f606-46f0-afb9-363dfe9a4d3a','5bfb19a8-f295-4e17-b63d-01166fd22acf','0ef2ced8-b3f0-4e8d-a468-1b65b6b360f1','9056ee14-242b-4208-a87d-fc59d24d442c','completed','2025-06-26 04:55:27','2025-06-26 04:55:27','2025-06-26T06:55:00','2025-06-26T06:56:00','2025-06-26T07:19:00'),('cd16bfcb-3342-495b-a26a-816e8a0fc027','cc307153-0727-4d65-a47f-c8c3d007e1af','14446938-25cd-4655-ad84-dbb7db871f28','8da75157-4cc6-4da6-84f5-6dee3a9fce27','831035d1-93e9-4683-af25-b40c2332b2fe','44f6b74d-f1a9-4097-b99a-b6f78e3f680c','completed','2025-06-25 02:32:10','2025-06-25 02:32:10','2025-06-25T01:31:00','2025-06-25T01:32:00','2025-06-25T01:53:00'),('cd4e3022-89ae-4706-9488-45b5a9f61538','cc307153-0727-4d65-a47f-c8c3d007e1af','8058ea70-75c8-4e46-a56f-7490a48cd4f5','4b49d53b-2473-4cc9-9b08-221a6548a93d','7ff7d76d-3fe2-4ec9-baed-39c59cfa14e7','44f6b74d-f1a9-4097-b99a-b6f78e3f680c','completed','2025-06-25 02:14:23','2025-06-25 02:15:08','20:09','20:10','20:24'),('ce27ea1d-072e-407e-b0ca-0f01a0f02867','8e9345bb-939b-4ef8-a3ce-a35e396b921d','68e8e006-79dc-4d5f-aed0-20755d53403b','4b49d53b-2473-4cc9-9b08-221a6548a93d','6dc82d06-d4d2-4824-9a83-d89b583b7554','831035d1-93e9-4683-af25-b40c2332b2fe','completed','2025-06-24 20:53:05','2025-06-24 20:53:05','2025-06-24T22:52:00','2025-06-24T22:53:00','2025-06-24T23:21:00'),('d08d76f5-b6fc-421a-921e-ed220c253339','9ecdca87-4206-416b-9b84-f0b83cae1fad','dfe98d58-f606-46f0-afb9-363dfe9a4d3a','4ee5cc9a-fa83-4455-8df9-a6c620570a17','2b3bbc1d-13fa-4af2-b23e-1e80c2225370','9056ee14-242b-4208-a87d-fc59d24d442c','completed','2025-06-26 04:10:20','2025-06-26 04:10:20','2025-06-26T06:09:00','2025-06-26T06:10:00','2025-06-26T06:28:00'),('d3ed700c-cac8-437f-abff-614ffcc3672a','cc307153-0727-4d65-a47f-c8c3d007e1af','dfe98d58-f606-46f0-afb9-363dfe9a4d3a','4ee5cc9a-fa83-4455-8df9-a6c620570a17','7babbb12-15f9-4483-8b05-61220ed37167','9056ee14-242b-4208-a87d-fc59d24d442c','completed','2025-06-25 02:22:16','2025-06-25 02:22:16','2025-06-25T21:21:00','2025-06-25T21:22:00','2025-06-25T21:37:00'),('d71b2bc2-dd46-4c2e-bad6-290d91df33c2','cc307153-0727-4d65-a47f-c8c3d007e1af','14446938-25cd-4655-ad84-dbb7db871f28','4b49d53b-2473-4cc9-9b08-221a6548a93d','a189c856-581e-4d86-9dc2-de6995be4a3a','9547f487-ef9c-4c1a-8bf9-9e423e32489d','completed','2025-06-25 02:28:40','2025-06-25 02:28:40','2025-06-25T23:32:00','2025-06-25T23:33:00','2025-06-25T23:56:00'),('d7f9b47a-723f-4eb8-ae17-ea6a829ee77f','79dddcc3-f55f-495c-882c-2723d518248a','e5e84800-eb11-4889-bb97-39ea75ef5190','1f1e61c3-848c-441c-8b89-8a85e16285df','bcb9ab4c-88c9-4d90-8b10-d97216de49ed','1bd33204-7a54-4146-9a82-9344a1ee7b3a','completed','2025-06-26 21:34:53','2025-06-26 21:34:53','2025-06-26T23:34:00','2025-06-26T23:35:00','2025-06-26T23:57:00'),('d82ef078-db35-43fc-9cb6-c1e3616f17f1','8e9345bb-939b-4ef8-a3ce-a35e396b921d','e5e84800-eb11-4889-bb97-39ea75ef5190',NULL,'bcb9ab4c-88c9-4d90-8b10-d97216de49ed','9dae2f86-2058-4c9c-a428-76f5648553d3','completed','2025-06-24 20:57:36','2025-06-24 20:57:36','2025-06-24T22:56:00','2025-06-24T22:57:00','2025-06-24T23:21:00'),('d911d681-536c-41f4-b551-464039e53027','9ecdca87-4206-416b-9b84-f0b83cae1fad','14446938-25cd-4655-ad84-dbb7db871f28','1f1e61c3-848c-441c-8b89-8a85e16285df','c487a171-dafb-430c-9ef9-b7f8964d7fa6','f47ac10b-58cc-4372-a567-0e02b2c3d483','completed','2025-06-25 18:30:06','2025-06-25 18:33:49','20:29','20:30','20:48'),('e7efc237-5203-48d5-9117-b14e6fb9505a','79dddcc3-f55f-495c-882c-2723d518248a','14446938-25cd-4655-ad84-dbb7db871f28','1f1e61c3-848c-441c-8b89-8a85e16285df','81c30d93-8712-405c-ac5e-509d48fd9af9','c487a171-dafb-430c-9ef9-b7f8964d7fa6','completed','2025-06-27 03:24:25','2025-06-27 03:24:25','2025-06-27T05:24:00','2025-06-27T05:25:00','2025-06-27T05:49:00'),('e8731066-d7a7-4d33-8193-5444e085f1a3','79dddcc3-f55f-495c-882c-2723d518248a','75d9a7db-2806-4bb1-aec6-7131859401f7','4ee5cc9a-fa83-4455-8df9-a6c620570a17','90aad46b-f52f-4c04-9e84-f38d82ba7387','0a2faff1-cb45-4342-ab0a-ec6fac6649c9','completed','2025-06-26 22:06:10','2025-06-26 22:06:10','2025-06-26T00:05:00','2025-06-26T00:06:00','2025-06-26T00:25:00'),('eb1a21b1-0cd6-4d75-ade9-4fb5364cf78a','79dddcc3-f55f-495c-882c-2723d518248a','8589b36d-7d7e-4cf9-9956-34667f2f4069','1f1e61c3-848c-441c-8b89-8a85e16285df','bcb9ab4c-88c9-4d90-8b10-d97216de49ed','02c59898-fa58-4b51-b446-7f68dfa1bb9e','completed','2025-06-27 00:21:12','2025-06-27 00:26:34','02:20','02:21','02:37'),('ec19bde0-7400-4854-8dd5-a5498f9da622','9ecdca87-4206-416b-9b84-f0b83cae1fad','be835d6f-62c6-48bf-ae5f-5257e097349b','4b49d53b-2473-4cc9-9b08-221a6548a93d','1bd33204-7a54-4146-9a82-9344a1ee7b3a','99d8db21-2c14-4f8f-8e54-54fc81004997','completed','2025-06-25 19:18:48','2025-06-25 21:06:01','2025-06-25T21:17:00','2025-06-25T21:18:00','2025-06-25T21:42:00'),('ecf9021e-1904-4d47-a468-1a2f93471718','8e9345bb-939b-4ef8-a3ce-a35e396b921d','68e8e006-79dc-4d5f-aed0-20755d53403b','8da75157-4cc6-4da6-84f5-6dee3a9fce27','81c30d93-8712-405c-ac5e-509d48fd9af9','569e9211-d394-4e93-ba3e-34ad20d98af4','completed','2025-06-24 22:45:29','2025-06-24 22:45:29','2025-06-24T00:45:00','2025-06-24T00:46:00','2025-06-24T01:09:00'),('ed48382e-8f3e-4f1b-9d40-d393fc9c9cb3','8e9345bb-939b-4ef8-a3ce-a35e396b921d','14446938-25cd-4655-ad84-dbb7db871f28','4b49d53b-2473-4cc9-9b08-221a6548a93d','8a02eaa0-61c8-4c3c-846a-d723e27cd408','9547f487-ef9c-4c1a-8bf9-9e423e32489d','completed','2025-06-24 22:46:51','2025-06-24 22:46:51','2025-06-24T00:46:00','2025-06-24T00:47:00','2025-06-24T01:06:00'),('f371ad79-3460-4504-8060-f329b889ab47','9ecdca87-4206-416b-9b84-f0b83cae1fad','dfe98d58-f606-46f0-afb9-363dfe9a4d3a','4b49d53b-2473-4cc9-9b08-221a6548a93d','6d2fec2e-7a59-4a30-97e9-03c9f4672eea','9056ee14-242b-4208-a87d-fc59d24d442c','completed','2025-06-26 00:27:52','2025-06-26 00:27:52','2025-06-26T02:27:00','2025-06-26T02:28:00','2025-06-26T02:50:00'),('f460bff0-015f-4d5d-83d8-b5b62c300b41','8e9345bb-939b-4ef8-a3ce-a35e396b921d','ee6c4e53-bcfa-4271-b0d5-dc61a5d0427c',NULL,'bcb9ab4c-88c9-4d90-8b10-d97216de49ed','02c59898-fa58-4b51-b446-7f68dfa1bb9e','completed','2025-06-24 22:44:53','2025-06-24 22:44:53','2025-06-24T00:43:00','2025-06-24T00:44:00','2025-06-24T00:59:00'),('f52d1cdb-cc3c-4100-aae6-22e1a6869c62','9ecdca87-4206-416b-9b84-f0b83cae1fad','75d9a7db-2806-4bb1-aec6-7131859401f7','4b49d53b-2473-4cc9-9b08-221a6548a93d','90aad46b-f52f-4c04-9e84-f38d82ba7387','44f6b74d-f1a9-4097-b99a-b6f78e3f680c','completed','2025-06-25 19:20:05','2025-06-25 19:22:34','21:19','21:20','21:42'),('fbbbb5ff-1012-41fb-854a-724852f88d5c','cc307153-0727-4d65-a47f-c8c3d007e1af','a183cb03-10ec-4dff-8f0d-fafbd4e98ee1','4ee5cc9a-fa83-4455-8df9-a6c620570a17','2aaff65e-ca83-42ce-961f-802b7a0137ab','0c84847e-4ec6-4464-9a5c-2a6833604ce0','completed','2025-06-25 02:20:53','2025-06-25 02:20:53','2025-06-25T04:19:00','2025-06-25T04:20:00','2025-06-25T04:43:00'),('fcdf3308-eb67-47b0-a3dc-902d08431e63','79dddcc3-f55f-495c-882c-2723d518248a','68e8e006-79dc-4d5f-aed0-20755d53403b','4b49d53b-2473-4cc9-9b08-221a6548a93d','81c30d93-8712-405c-ac5e-509d48fd9af9','0c84847e-4ec6-4464-9a5c-2a6833604ce0','completed','2025-06-26 21:16:42','2025-06-26 21:16:42','2025-06-26T23:16:00','2025-06-26T23:17:00','2025-06-26T23:44:00'),('fd8f0421-24cf-4d44-8266-47d78d3c7414','79dddcc3-f55f-495c-882c-2723d518248a','14446938-25cd-4655-ad84-dbb7db871f28','1f1e61c3-848c-441c-8b89-8a85e16285df','81c30d93-8712-405c-ac5e-509d48fd9af9','3aa17398-7823-45ae-b76c-9b30d8509ce1','completed','2025-06-26 22:02:11','2025-06-26 22:02:11','2025-06-26T00:01:00','2025-06-26T00:02:00','2025-06-26T00:19:00'),('fde576dc-8fd1-4d75-be84-b067159f340b','79dddcc3-f55f-495c-882c-2723d518248a','14446938-25cd-4655-ad84-dbb7db871f28','8da75157-4cc6-4da6-84f5-6dee3a9fce27','81c30d93-8712-405c-ac5e-509d48fd9af9','44f6b74d-f1a9-4097-b99a-b6f78e3f680c','completed','2025-06-27 03:24:03','2025-06-27 03:24:03','2025-06-27T05:23:00','2025-06-27T05:24:00','2025-06-27T05:49:00'),('ff16adc4-1890-43f2-9729-b84d406d55c0','79dddcc3-f55f-495c-882c-2723d518248a','14446938-25cd-4655-ad84-dbb7db871f28','4b49d53b-2473-4cc9-9b08-221a6548a93d','81c30d93-8712-405c-ac5e-509d48fd9af9','8a02eaa0-61c8-4c3c-846a-d723e27cd408','completed','2025-06-26 21:33:57','2025-06-26 21:33:57','2025-06-26T23:33:00','2025-06-26T23:34:00','2025-06-26T23:49:00');
/*!40000 ALTER TABLE `shift_tasks` ENABLE KEYS */;
UNLOCK TABLES;

--
-- Table structure for table `shifts`
--

DROP TABLE IF EXISTS `shifts`;
/*!40101 SET @saved_cs_client     = @@character_set_client */;
/*!50503 SET character_set_client = utf8mb4 */;
CREATE TABLE `shifts` (
  `id` char(36) CHARACTER SET utf8mb4 COLLATE utf8mb4_unicode_ci NOT NULL DEFAULT (uuid()),
  `supervisor_id` char(36) CHARACTER SET utf8mb4 COLLATE utf8mb4_unicode_ci NOT NULL,
  `shift_type` varchar(50) CHARACTER SET utf8mb4 COLLATE utf8mb4_unicode_ci NOT NULL,
  `start_time` timestamp NULL DEFAULT CURRENT_TIMESTAMP,
  `end_time` timestamp NULL DEFAULT NULL,
  `is_active` tinyint(1) DEFAULT '1',
  `created_at` timestamp NULL DEFAULT CURRENT_TIMESTAMP,
  `updated_at` timestamp NULL DEFAULT CURRENT_TIMESTAMP ON UPDATE CURRENT_TIMESTAMP,
  `shift_date` date NOT NULL,
  PRIMARY KEY (`id`),
  KEY `idx_shifts_supervisor_id` (`supervisor_id`),
  KEY `idx_shifts_shift_date` (`shift_date`),
  KEY `idx_shifts_is_active` (`is_active`),
  CONSTRAINT `shifts_ibfk_1` FOREIGN KEY (`supervisor_id`) REFERENCES `staff` (`id`) ON DELETE CASCADE,
  CONSTRAINT `shifts_shift_type_check` CHECK ((`shift_type` in (_utf8mb4'week_day',_utf8mb4'week_night',_utf8mb4'weekend_day',_utf8mb4'weekend_night')))
) ENGINE=InnoDB DEFAULT CHARSET=utf8mb4 COLLATE=utf8mb4_unicode_ci;
/*!40101 SET character_set_client = @saved_cs_client */;

--
-- Dumping data for table `shifts`
--

LOCK TABLES `shifts` WRITE;
/*!40000 ALTER TABLE `shifts` DISABLE KEYS */;
INSERT INTO `shifts` VALUES ('06771608-e3ce-4212-bf21-f956fd68dc04','4ee5cc9a-fa83-4455-8df9-a6c620570a17','week_day','2025-07-01 07:00:00','2025-07-01 18:32:45',0,'2025-06-30 15:34:37','2025-07-01 18:32:45','2025-07-01'),('0a7722a9-7465-11f0-adec-ea5dc1f3f876','358aa759-e11e-40b0-b886-37481c5eb6c0','week_day','2025-08-08 13:36:16','2025-08-08 13:36:59',0,'2025-08-08 13:36:16','2025-08-08 14:36:58','2025-08-08'),('174728bf-7461-11f0-adec-ea5dc1f3f876','358aa759-e11e-40b0-b886-37481c5eb6c0','week_day','2025-08-08 13:08:00','2025-08-08 13:17:38',0,'2025-08-08 13:08:00','2025-08-08 14:17:37','2025-08-08'),('220c8581-7463-11f0-adec-ea5dc1f3f876','358aa759-e11e-40b0-b886-37481c5eb6c0','week_day','2025-08-08 13:22:37','2025-08-08 13:22:45',0,'2025-08-08 13:22:37','2025-08-08 14:22:44','2025-08-08'),('289a1de2-7469-11f0-adec-ea5dc1f3f876','4ee5cc9a-fa83-4455-8df9-a6c620570a17','week_day','2025-08-08 14:05:45','2025-08-08 14:17:11',0,'2025-08-08 14:05:45','2025-08-08 15:17:10','2025-08-08'),('2956d476-7465-11f0-adec-ea5dc1f3f876','358aa759-e11e-40b0-b886-37481c5eb6c0','week_day','2025-08-08 13:37:08','2025-08-08 13:41:14',0,'2025-08-08 13:37:08','2025-08-08 14:41:14','2025-08-08'),('328a65bd-ef90-40ed-9e57-d46dec2374ed','4ee5cc9a-fa83-4455-8df9-a6c620570a17','week_day','2025-07-02 07:00:00','2025-07-03 03:48:21',0,'2025-07-02 06:27:30','2025-07-03 03:48:21','2025-07-02'),('72873114-7462-11f0-adec-ea5dc1f3f876','358aa759-e11e-40b0-b886-37481c5eb6c0','week_day','2025-08-08 13:17:43','2025-08-08 13:22:28',0,'2025-08-08 13:17:43','2025-08-08 14:22:28','2025-08-08'),('79dddcc3-f55f-495c-882c-2723d518248a','4ee5cc9a-fa83-4455-8df9-a6c620570a17','week_night','2025-06-26 18:00:00','2025-06-30 14:38:28',0,'2025-06-26 21:11:54','2025-06-30 14:38:28','2025-06-26'),('8db2d484-414b-45b8-ab66-22ed95892d17','358aa759-e11e-40b0-b886-37481c5eb6c0','week_day','2025-07-01 07:00:00','2025-06-30 15:07:56',0,'2025-06-30 14:58:51','2025-06-30 15:07:56','2025-07-01'),('8e9345bb-939b-4ef8-a3ce-a35e396b921d','4ee5cc9a-fa83-4455-8df9-a6c620570a17','week_night','2025-06-24 20:45:30','2025-06-24 22:50:28',0,'2025-06-24 20:45:30','2025-06-26 01:55:34','2025-06-24'),('8fe5a7d8-8bf9-468d-8afd-6f50443fcf8b','4ee5cc9a-fa83-4455-8df9-a6c620570a17','week_day','2025-07-04 07:00:00','2025-08-08 13:01:36',0,'2025-07-04 06:27:39','2025-08-08 14:01:36','2025-07-04'),('942a16e9-7394-11f0-9882-b2d02fdf8524','4ee5cc9a-fa83-4455-8df9-a6c620570a17','week_day','2025-08-07 12:44:03','2025-08-08 13:01:33',0,'2025-08-07 12:44:03','2025-08-08 14:01:32','2025-08-07'),('9ecdca87-4206-416b-9b84-f0b83cae1fad','4ee5cc9a-fa83-4455-8df9-a6c620570a17','week_night','2025-06-25 17:06:30','2025-06-26 06:12:05',0,'2025-06-25 17:06:30','2025-06-26 06:12:05','2025-06-25'),('ae5ecb5d-7460-11f0-adec-ea5dc1f3f876','358aa759-e11e-40b0-b886-37481c5eb6c0','week_day','2025-08-08 13:05:04','2025-08-08 13:06:09',0,'2025-08-08 13:05:04','2025-08-08 14:06:08','2025-08-08'),('ae70fc9f-4831-45be-a314-1ef6cc5cc1ba','4ee5cc9a-fa83-4455-8df9-a6c620570a17','week_night','2025-06-25 01:14:42','2025-06-25 01:16:41',0,'2025-06-25 01:14:42','2025-06-26 01:55:34','2025-06-25'),('aedb6287-c44a-4f2e-8d40-1a32a98d307d','4ee5cc9a-fa83-4455-8df9-a6c620570a17','week_day','2025-07-01 07:00:00','2025-06-30 14:44:51',0,'2025-06-30 14:44:03','2025-06-30 14:44:51','2025-07-01'),('b27a3c52-9cbb-45ae-8df4-06df132ce3ce','4ee5cc9a-fa83-4455-8df9-a6c620570a17','week_day','2025-07-03 07:00:00','2025-07-04 06:27:35',0,'2025-07-03 03:48:32','2025-07-04 06:27:35','2025-07-03'),('b7378cab-ab71-4158-a44e-e5724703aa11','4ee5cc9a-fa83-4455-8df9-a6c620570a17','week_night','2025-06-26 18:00:00','2025-06-26 21:11:42',0,'2025-06-26 18:04:14','2025-06-26 21:11:42','2025-06-26'),('c15de0d5-7465-11f0-adec-ea5dc1f3f876','358aa759-e11e-40b0-b886-37481c5eb6c0','week_day','2025-08-08 13:41:23','2025-08-08 14:05:34',0,'2025-08-08 13:41:23','2025-08-08 15:05:33','2025-08-08'),('c5d801a6-746a-11f0-adec-ea5dc1f3f876','358aa759-e11e-40b0-b886-37481c5eb6c0','week_day','2025-08-08 14:17:18',NULL,1,'2025-08-08 14:17:18','2025-08-08 14:17:18','2025-08-08'),('c938cc06-7460-11f0-adec-ea5dc1f3f876','358aa759-e11e-40b0-b886-37481c5eb6c0','week_day','2025-08-08 13:05:49','2025-08-08 13:06:03',0,'2025-08-08 13:05:49','2025-08-08 14:06:03','2025-08-08'),('cc307153-0727-4d65-a47f-c8c3d007e1af','4ee5cc9a-fa83-4455-8df9-a6c620570a17','week_night','2025-06-25 01:16:59','2025-06-25 06:00:34',0,'2025-06-25 01:17:00','2025-06-26 01:55:34','2025-06-25'),('ce859bcc-7e2f-49db-b33a-886cc6fbf60c','358aa759-e11e-40b0-b886-37481c5eb6c0','week_day','2025-07-01 07:00:00','2025-06-30 15:34:28',0,'2025-06-30 15:08:06','2025-06-30 15:34:29','2025-07-01'),('d2fb94a3-ffa9-4696-975a-b74d27927c23','4ee5cc9a-fa83-4455-8df9-a6c620570a17','week_night','2025-06-25 00:39:25','2025-06-25 01:14:32',0,'2025-06-25 00:39:25','2025-06-26 01:55:34','2025-06-25'),('d5bed006-83c4-4b75-8c23-1903df2f7324','4ee5cc9a-fa83-4455-8df9-a6c620570a17','week_night','2025-06-26 18:00:00','2025-06-26 18:03:45',0,'2025-06-26 17:56:27','2025-06-26 18:03:46','2025-06-26'),('e9a460ec-bd19-4176-a315-6633f200add7','4ee5cc9a-fa83-4455-8df9-a6c620570a17','week_night','2025-06-25 00:01:31','2025-06-25 00:38:45',0,'2025-06-25 00:01:33','2025-06-26 01:55:34','2025-06-25');
/*!40000 ALTER TABLE `shifts` ENABLE KEYS */;
UNLOCK TABLES;

--
-- Table structure for table `staff`
--

DROP TABLE IF EXISTS `staff`;
/*!40101 SET @saved_cs_client     = @@character_set_client */;
/*!50503 SET character_set_client = utf8mb4 */;
CREATE TABLE `staff` (
  `id` char(36) CHARACTER SET utf8mb4 COLLATE utf8mb4_unicode_ci NOT NULL DEFAULT (uuid()),
  `first_name` varchar(255) CHARACTER SET utf8mb4 COLLATE utf8mb4_unicode_ci NOT NULL,
  `last_name` varchar(255) CHARACTER SET utf8mb4 COLLATE utf8mb4_unicode_ci NOT NULL,
  `role` enum('supervisor','porter') CHARACTER SET utf8mb4 COLLATE utf8mb4_unicode_ci NOT NULL,
  `created_at` timestamp NULL DEFAULT CURRENT_TIMESTAMP,
  `updated_at` timestamp NULL DEFAULT CURRENT_TIMESTAMP ON UPDATE CURRENT_TIMESTAMP,
  `department_id` char(36) CHARACTER SET utf8mb4 COLLATE utf8mb4_unicode_ci DEFAULT NULL,
  `porter_type` varchar(50) CHARACTER SET utf8mb4 COLLATE utf8mb4_unicode_ci DEFAULT 'shift',
  `availability_pattern` varchar(100) CHARACTER SET utf8mb4 COLLATE utf8mb4_unicode_ci DEFAULT NULL,
  `contracted_hours_start` time DEFAULT NULL,
  `contracted_hours_end` time DEFAULT NULL,
  PRIMARY KEY (`id`),
  KEY `idx_staff_role` (`role`),
  KEY `idx_staff_department_id` (`department_id`),
  CONSTRAINT `staff_ibfk_1` FOREIGN KEY (`department_id`) REFERENCES `departments` (`id`) ON DELETE SET NULL,
  CONSTRAINT `check_porter_type` CHECK (((`porter_type` in (_utf8mb4'shift',_utf8mb4'relief')) or (`porter_type` is null)))
) ENGINE=InnoDB DEFAULT CHARSET=utf8mb4 COLLATE=utf8mb4_unicode_ci;
/*!40101 SET character_set_client = @saved_cs_client */;

--
-- Dumping data for table `staff`
--

LOCK TABLES `staff` WRITE;
/*!40000 ALTER TABLE `staff` DISABLE KEYS */;
INSERT INTO `staff` VALUES ('00e0ca67-f415-45ce-9b11-c3260e9cd58e','SB','Porter','porter','2025-05-31 08:24:52','2025-05-31 08:24:52',NULL,'shift','4 on 4 off - Days','08:00:00','20:00:00'),('035ad40e-3ca6-4ce0-ab96-8590bd0b7f3f','RF','Porter','porter','2025-05-31 10:53:08','2025-05-31 10:53:08',NULL,'shift','Weekdays - Days','09:00:00','17:00:00'),('04947318-f8a7-4eea-8044-5219c5e907fc','CB','Porter','porter','2025-05-28 14:36:24','2025-05-31 08:20:59',NULL,'shift','Weekends - Days','11:00:00','19:00:00'),('050fa6e6-477b-4f83-aae4-3e13c954ca6a','Xray','Porter 1','porter','2025-05-28 14:40:45','2025-05-28 14:40:45',NULL,'shift',NULL,NULL,NULL),('0655269c-b297-42e7-bdec-afb55cdee4d2','ML','Porter','porter','2025-05-31 10:42:21','2025-05-31 10:42:21',NULL,'shift','Weekdays - Days','08:00:00','16:00:00'),('0689dc61-6dcd-413d-a9f8-579fdc716757','EC','Porter','porter','2025-05-31 10:50:02','2025-05-31 10:50:02',NULL,'shift','Weekdays - Days','10:00:00','18:00:00'),('0c601480-b2ff-4199-9b59-5d437ee3c238','SF','Porter','porter','2025-06-15 06:44:08','2025-06-15 06:44:08',NULL,'shift','4 on 4 off - Days','06:00:00','14:00:00'),('12055968-78d3-4404-a05f-10e039217936','Mt','Bntt','porter','2025-05-24 14:35:20','2025-07-03 09:49:17',NULL,'shift','4 on 4 off - Days','08:00:00','20:00:00'),('172b28c4-ec0d-4f5c-a859-ff8299ff6243','S','Scars','porter','2025-05-31 08:23:33','2025-07-03 09:44:29',NULL,'shift','4 on 4 off - Days','08:00:00','20:00:00'),('1a21db6c-9a35-48ca-a3b0-06284bec8beb','AJ','Porter','porter','2025-05-28 14:39:12','2025-05-30 15:22:31',NULL,'shift','4 on 4 off - Days','08:00:00','20:00:00'),('1aaab277-ecf2-40dd-a764-eaaf8af7615b','AT','Porter','porter','2025-05-28 14:36:02','2025-06-23 14:10:32',NULL,'shift','4 on 4 off - Days','10:00:00','22:00:00'),('1f1e61c3-848c-441c-8b89-8a85e16285df','DS','Porter (N)','porter','2025-05-31 11:09:48','2025-06-25 17:59:25',NULL,'shift','4 on 4 off - Nights','20:00:00','08:00:00'),('2524b1c5-45e1-4f15-bf3b-984354f22cdc','PM','Porter','porter','2025-05-24 14:28:50','2025-05-30 16:09:46',NULL,'shift','Weekdays - Days','08:00:00','16:00:00'),('2840c515-644f-4313-9c30-ecfe7dd1cbe8','Ro','McP','porter','2025-06-15 12:10:14','2025-07-03 09:43:27',NULL,'shift','4 on 4 off - Days','08:00:00','20:00:00'),('296edb55-91eb-4d73-aa43-54840cbbf20c','Al','B','porter','2025-05-28 14:37:35','2025-07-03 09:42:53',NULL,'shift','Weekdays - Days','14:00:00','22:00:00'),('2e74429e-2aab-4bed-a979-6ccbdef74596','Jf','Robi','porter','2025-05-24 14:27:51','2025-07-03 09:51:51',NULL,'relief','4 on 4 off - Nights','11:00:00','19:00:00'),('2ef290c6-6c61-4d37-be45-d08ae6afc097','DM','Porter 2','porter','2025-05-28 14:40:15','2025-05-30 15:20:04',NULL,'shift','4 on 4 off - Days','08:00:00','20:00:00'),('2fe13155-0425-4634-b42a-04380ff73ad1','PF','Porter','porter','2025-05-31 10:54:43','2025-05-31 10:54:43',NULL,'shift','Weekdays - Days','07:00:00','15:00:00'),('3316eda6-d5f5-445f-8721-b8c42e18d89c','AC','Porter','porter','2025-05-31 08:39:31','2025-05-31 08:39:31',NULL,'shift','Weekdays - Days','14:00:00','01:00:00'),('358aa759-e11e-40b0-b886-37481c5eb6c0','CC','Supervisor','supervisor','2025-05-22 15:39:03','2025-06-12 10:36:57',NULL,'shift',NULL,NULL,NULL),('394d8660-7946-4b31-87c9-b60f7e1bc294','GB','Porter','porter','2025-05-23 13:36:44','2025-05-30 16:11:05',NULL,'shift','Weekdays - Days','09:00:00','17:00:00'),('4377dd38-cf15-4de2-8347-0461ba6afff5','SH','Porter','porter','2025-05-28 14:36:46','2025-06-30 14:54:22',NULL,'relief','4 on 4 off - Days','08:00:00','20:00:00'),('473eeca1-e8ca-49a7-b2f6-5870dc254dcc','No','Supervisor','supervisor','2025-05-29 11:56:46','2025-05-29 11:56:46',NULL,'shift',NULL,NULL,NULL),('4a25cc37-bc1f-4a94-a053-e348412a2432','AH','Porter','porter','2025-05-31 08:38:16','2025-05-31 08:38:16',NULL,'shift','4 on 4 off - Days','13:00:00','01:00:00'),('4b49d53b-2473-4cc9-9b08-221a6548a93d','JM','Porter (N)','porter','2025-05-31 08:31:59','2025-06-25 17:08:08',NULL,'shift','4 on 4 off - Nights','20:00:00','08:00:00'),('4e543605-21a0-4373-8434-7f9809abea33','Grg','Wiltn','porter','2025-06-30 14:57:02','2025-07-03 09:47:22',NULL,'relief','Weekdays - Days','08:00:00','16:00:00'),('4e87f01b-5196-47c4-b424-4cfdbe7fb385','SC','Porter (2)','porter','2025-05-24 14:47:13','2025-06-30 15:01:01',NULL,'relief','4 on 4 off - Nights','20:00:00','08:00:00'),('4ee5cc9a-fa83-4455-8df9-a6c620570a17','MS','Supervisor','supervisor','2025-05-22 15:38:43','2025-06-12 10:37:11',NULL,'shift',NULL,NULL,NULL),('4fb21c6f-2f5b-4f6e-b727-239a3391092a','EA','Porter','porter','2025-05-24 14:29:11','2025-05-30 16:10:43',NULL,'shift','Weekdays - Days','08:00:00','16:00:00'),('534e6bda-2978-47cd-aacc-f1bd3f94e981','KT','Porter','porter','2025-05-31 10:50:51','2025-05-31 10:50:51',NULL,'shift','Weekdays - Days','10:00:00','18:00:00'),('56d5a952-a958-41c5-aa28-bd42e06720c8','MH','Porter','porter','2025-05-28 14:37:15','2025-05-30 15:24:44',NULL,'shift','4 on 4 off - Days','08:00:00','20:00:00'),('5bfb19a8-f295-4e17-b63d-01166fd22acf','BC','Porter (N)','porter','2025-05-31 08:31:36','2025-06-25 17:09:04',NULL,'shift','4 on 4 off - Nights','20:00:00','08:00:00'),('63f5c89b-661d-40e5-a810-7fba772d4dc5','KB','Porter','porter','2025-05-31 08:30:45','2025-06-30 15:02:54',NULL,'shift','4 on 4 off - Days','08:00:00','20:00:00'),('6592897b-b9fb-4b02-a5d5-7fd0ab4fcb2e','DM','Porter 1','porter','2025-05-28 14:40:00','2025-05-30 15:19:39',NULL,'shift','4 on 4 off - Days','08:00:00','20:00:00'),('69766d05-49d7-4e7c-8734-e3dc8949bf91','MD','Porter','porter','2025-05-24 14:47:23','2025-05-30 16:15:12',NULL,'shift','Weekdays - Days','07:00:00','15:00:00'),('6c6184fe-7e99-4fc0-a906-ace0a021f160','GM','Porter','porter','2025-05-31 08:38:55','2025-05-31 08:38:55',NULL,'shift','4 on 4 off - Days','08:00:00','20:00:00'),('6e772f6a-e4e8-422a-b21b-ff677b625471','SO','Porter','porter','2025-05-31 11:07:13','2025-05-31 11:07:13',NULL,'relief','Weekdays - Days','08:00:00','16:00:00'),('6ea8a4e6-b931-4ae0-acac-2fac2f23cfe2','KG','Porter','porter','2025-05-28 14:38:39','2025-05-30 15:20:38',NULL,'shift','4 on 4 off - Days','08:00:00','20:00:00'),('74da0ff0-44aa-4fd5-a464-d25e45bea636','JG','Porter','porter','2025-05-31 10:43:40','2025-05-31 10:43:40',NULL,'shift','Weekdays - Days','08:30:00','16:30:00'),('75ff4301-3c45-44c5-bd93-1b3a471baaeb','IS','Porter','porter','2025-05-22 14:14:48','2025-05-30 16:15:38',NULL,'shift','Weekdays - Days','07:30:00','15:30:00'),('786d6d23-69b9-433e-92ed-938806cb10a8','LB','Porter','porter','2025-05-23 13:15:42','2025-06-18 11:03:46',NULL,'relief','4 on 4 off - Days','14:00:00','22:00:00'),('7884c45a-823f-48c9-a4d4-fd2ad426f144','SF','Porter','porter','2025-05-31 08:35:55','2025-05-31 08:35:55',NULL,'shift','Weekdays - Days','06:00:00','14:00:00'),('78bf0e75-7640-49fb-9d4e-b59e0b3ecf43','MK','Porter','porter','2025-05-24 14:28:09','2025-05-31 11:05:15',NULL,'shift','4 on 4 off - Nights','20:00:00','08:00:00'),('7a905342-f7d6-4105-b56f-d922e86dbbd9','NB','Porter','porter','2025-05-31 10:53:51','2025-05-31 10:53:51',NULL,'shift','Weekdays - Days','08:30:00','16:30:00'),('7baf82c3-c592-43fa-aac0-b53fbd8e9a1d','SR','Porter','porter','2025-05-31 10:41:01','2025-05-31 10:41:01',NULL,'shift','4 on 4 off - Days','08:00:00','20:00:00'),('7c20aec3-bf78-4ef9-b35e-429e41ac739b','KS','Porter','porter','2025-05-24 14:28:35','2025-05-30 16:09:23',NULL,'shift','Weekdays - Days','08:00:00','16:00:00'),('7cc268aa-cb72-4320-ba8d-72f77b77dda6','DP','Porter','porter','2025-05-31 08:36:39','2025-06-30 14:50:25',NULL,'shift','Weekdays - Days','10:00:00','18:00:00'),('80d77d87-0ab0-4a96-9dc8-8e23a5020ce2','RS','Porter','porter','2025-05-28 14:38:06','2025-05-30 15:21:30',NULL,'shift','4 on 4 off - Days','08:00:00','20:00:00'),('83fdb588-e638-47ae-b726-51f83a4378c7','MS','Porter','porter','2025-05-28 14:39:06','2025-05-30 15:23:03',NULL,'shift','4 on 4 off - Days','08:00:00','20:00:00'),('85d80fef-9a4b-4878-b647-63301e934b51','PH','Porter 2','porter','2025-06-05 05:28:40','2025-06-05 05:31:09',NULL,'relief','4 on 4 off - Days','08:00:00','20:00:00'),('8b3b3e97-ea54-4c40-884b-04d3d24dbe23','JM','Porter','porter','2025-05-24 14:46:44','2025-05-30 16:13:41',NULL,'shift','Weekdays - Days','07:00:00','15:00:00'),('8da75157-4cc6-4da6-84f5-6dee3a9fce27','JR','Porter (N)','porter','2025-05-24 14:28:21','2025-07-01 10:57:54',NULL,'shift','Weekdays - Nights','20:00:00','08:00:00'),('8daf3b6b-4e59-4445-ac27-397d1bc7854d','CH','Porter','porter','2025-05-31 10:52:25','2025-05-31 10:52:25',NULL,'shift','Weekdays - Days','07:00:00','15:00:00'),('8eaa9194-b164-4cb4-a15c-956299ff28c5','TB','Porter','porter','2025-05-24 14:46:56','2025-05-30 15:28:36',NULL,'shift','4 on 4 off - Nights','20:00:00','08:00:00'),('920b6b2f-18f0-4f27-b3b8-3b5760f6afc8','Jm','Benn','porter','2025-06-25 17:25:56','2025-07-03 09:46:20',NULL,'relief','Weekdays - Days','06:00:00','14:00:00'),('a33f17c7-38b0-4a1d-86f0-b7957ec5b970','KT','Porter','porter','2025-06-16 15:23:16','2025-06-16 15:23:16',NULL,'shift','4 on 4 off - Days','10:00:00','10:00:00'),('a55d23b5-154f-425b-a0b3-11d5e3ef5ffd','Ma','Rush','porter','2025-05-31 11:09:18','2025-07-03 09:47:47',NULL,'relief','4 on 4 off - Days','08:00:00','20:00:00'),('a9d969e3-d449-4005-a679-f63be07c6872','LC','Supervisor','supervisor','2025-05-22 15:39:16','2025-06-12 10:37:04',NULL,'shift',NULL,NULL,NULL),('ab2ba72f-ff0e-450d-a6a7-acf4d80fc235','LS','Porter','porter','2025-05-24 14:28:03','2025-05-30 15:59:08',NULL,'shift','Weekdays - Days','09:00:00','17:00:00'),('ac5427be-ea01-4f42-9c46-17e2f089dee8','AG','Porter','porter','2025-05-31 10:53:21','2025-05-31 10:53:21',NULL,'shift','Weekdays - Days','09:00:00','17:00:00'),('ad9b079b-07fc-4ece-99b1-a33b0b8a97bc','MH','Porter 2','porter','2025-05-22 14:14:27','2025-05-30 15:29:52','1bd33204-7a54-4146-9a82-9344a1ee7b3a','shift','4 on 4 off - Nights','20:00:00','08:00:00'),('aeac1145-0b87-403a-81db-72b516a9fe15','DK','Porter','porter','2025-05-31 08:42:06','2025-05-31 08:42:06',NULL,'shift','Weekends - Days','08:00:00','20:00:00'),('aee3e923-d013-4da1-8404-6dfe4f07c135','Jn','Evs','porter','2025-06-15 12:10:32','2025-07-03 09:43:50',NULL,'shift','4 on 4 off - Days','08:00:00','20:00:00'),('af42f57f-1437-4320-b1a2-2b0051948de3','AK','Porter ((N)','porter','2025-05-31 08:32:32','2025-06-25 17:14:16',NULL,'shift','4 on 4 off - Nights','20:00:00','08:00:00'),('b30280c2-aecc-4953-a1df-5f703bce4772','JN','Porter','porter','2025-06-02 16:25:10','2025-06-02 16:25:10',NULL,'shift','Weekdays - Days','07:00:00','15:00:00'),('b4bcc3bc-729a-49fe-bf6e-1c30fcac37b3','JF','Porter','porter','2025-05-31 08:24:07','2025-05-31 08:24:07',NULL,'shift','4 on 4 off - Days','08:00:00','20:00:00'),('b88b49d1-c394-491e-aaa7-cc196250f0e4','MF','Supervisor','supervisor','2025-05-22 11:36:39','2025-06-12 10:37:22','f47ac10b-58cc-4372-a567-0e02b2c3d484','shift',NULL,NULL,NULL),('b96a6ffa-6f54-4eab-a1c8-5c65dc7223da','Ma','Walt','porter','2025-05-28 14:37:23','2025-07-03 09:46:36',NULL,'shift','Weekdays - Days','06:00:00','14:00:00'),('bf79faf6-fb3e-4780-841e-63a4a67a5b77','NB','Porter','porter','2025-05-24 14:28:15','2025-05-30 16:08:01',NULL,'shift','Weekdays - Days','13:00:00','23:00:00'),('c162858c-9815-43e3-9bcb-0c709bd8eef0','SC','Porter','porter','2025-05-28 14:39:52','2025-06-30 15:00:49',NULL,'shift','4 on 4 off - Days','08:00:00','20:00:00'),('c3052ff8-8339-4e02-b4ed-efee9365e7c2','MC','Porter','porter','2025-05-28 14:37:57','2025-05-30 15:21:54',NULL,'shift','4 on 4 off - Days','08:00:00','20:00:00'),('c30cc891-1722-404f-9b84-14ffcee8d93f','SL','Porter','porter','2025-05-31 08:44:39','2025-05-31 08:44:39',NULL,'shift','Weekdays - Days','09:00:00','17:00:00'),('c3579d99-b97e-4019-b37a-f63515fe3ca4','PB','Porter','porter','2025-05-31 10:52:53','2025-05-31 10:52:53',NULL,'shift','Weekdays - Days','09:00:00','17:00:00'),('c965e4e3-e132-43f0-94ce-1b41d33a9f05','Chrlt','Rim','porter','2025-05-28 14:36:14','2025-07-03 09:48:29',NULL,'relief','4 on 4 off - Days','08:00:00','20:00:00'),('cb50a5b2-3812-4688-b1f6-ccf0ab7626b6','Xray','Porter 2','porter','2025-05-28 14:40:57','2025-05-28 14:40:57',NULL,'shift',NULL,NULL,NULL),('ccac560c-a3ad-4517-895d-86870e9ad00a','AF','Porter','porter','2025-05-31 11:05:55','2025-05-31 11:05:55',NULL,'relief','Weekdays - Days','08:00:00','16:00:00'),('cd7e9036-99de-4236-ba6a-f38115d3b63a','Chs','Rch','porter','2025-07-04 06:31:21','2025-07-04 06:31:21',NULL,'relief','4 on 4 off - Days','08:00:00','20:00:00'),('d1ebb359-6712-48f9-95ad-3b47bc0a3147','Mt','Rsht','porter','2025-07-04 06:40:34','2025-07-04 06:40:34',NULL,'shift','4 on 4 off - Days','12:00:00','20:00:00'),('d34fa6f7-8d2d-4e20-abda-a77c11554254','DF','Porter','porter','2025-05-31 08:31:18','2025-05-31 08:31:18',NULL,'shift','4 on 4 off - Nights','20:00:00','08:00:00'),('df3f3a6d-23b5-4970-9ae0-47d458b84dd3','PH','Porter','porter','2025-05-31 10:50:26','2025-05-31 10:50:26',NULL,'shift','Weekdays - Days','09:00:00','17:00:00'),('e55b1013-7e79-4e38-913e-c53de591f85c','Lu','Redf','porter','2025-05-24 14:47:04','2025-07-03 09:45:05',NULL,'shift','4 on 4 off - Days','08:00:00','20:00:00'),('e9cf3a23-c94a-409b-aa71-d42602e54068','MP','Porter','porter','2025-05-28 14:38:29','2025-05-30 15:21:02',NULL,'shift','4 on 4 off - Days','08:00:00','20:00:00'),('ecc67de0-fecc-4c93-b9da-445c3cef4ea4','LY','Porter','porter','2025-05-24 14:28:42','2025-05-31 11:05:19',NULL,'shift','4 on 4 off - Nights','20:00:00','08:00:00'),('f233a4cb-cd6d-4c6a-8fd6-01eea72a9fb0','S','Mhr','porter','2025-05-28 14:36:52','2025-07-03 09:49:35',NULL,'relief','4 on 4 off - Days','08:00:00','20:00:00'),('f304fa99-8e00-48d0-a616-d156b0f7484d','CW','Porter','porter','2025-05-24 14:29:00','2025-05-30 16:10:16',NULL,'shift','Weekdays - Days','08:00:00','16:00:00'),('fabfccff-9e98-4965-83c2-97f388a7672e','Ma','Hunt','porter','2025-06-30 14:55:55','2025-07-03 09:45:47',NULL,'relief','Weekdays - Days','08:00:00','16:00:00');
/*!40000 ALTER TABLE `staff` ENABLE KEYS */;
UNLOCK TABLES;

--
-- Table structure for table `staff_department_assignments`
--

DROP TABLE IF EXISTS `staff_department_assignments`;
/*!40101 SET @saved_cs_client     = @@character_set_client */;
/*!50503 SET character_set_client = utf8mb4 */;
CREATE TABLE `staff_department_assignments` (
  `id` char(36) CHARACTER SET utf8mb4 COLLATE utf8mb4_unicode_ci NOT NULL DEFAULT (uuid()),
  `staff_id` char(36) CHARACTER SET utf8mb4 COLLATE utf8mb4_unicode_ci NOT NULL,
  `department_id` char(36) CHARACTER SET utf8mb4 COLLATE utf8mb4_unicode_ci NOT NULL,
  `created_at` timestamp NULL DEFAULT CURRENT_TIMESTAMP,
  PRIMARY KEY (`id`),
  KEY `staff_id` (`staff_id`),
  KEY `department_id` (`department_id`),
  CONSTRAINT `staff_department_assignments_ibfk_1` FOREIGN KEY (`staff_id`) REFERENCES `staff` (`id`) ON DELETE CASCADE,
  CONSTRAINT `staff_department_assignments_ibfk_2` FOREIGN KEY (`department_id`) REFERENCES `departments` (`id`) ON DELETE CASCADE
) ENGINE=InnoDB DEFAULT CHARSET=utf8mb4 COLLATE=utf8mb4_unicode_ci;
/*!40101 SET character_set_client = @saved_cs_client */;

--
-- Dumping data for table `staff_department_assignments`
--

LOCK TABLES `staff_department_assignments` WRITE;
/*!40000 ALTER TABLE `staff_department_assignments` DISABLE KEYS */;
/*!40000 ALTER TABLE `staff_department_assignments` ENABLE KEYS */;
UNLOCK TABLES;

--
-- Table structure for table `support_service_assignments`
--

DROP TABLE IF EXISTS `support_service_assignments`;
/*!40101 SET @saved_cs_client     = @@character_set_client */;
/*!50503 SET character_set_client = utf8mb4 */;
CREATE TABLE `support_service_assignments` (
  `id` char(36) CHARACTER SET utf8mb4 COLLATE utf8mb4_unicode_ci NOT NULL DEFAULT (uuid()),
  `service_id` char(36) CHARACTER SET utf8mb4 COLLATE utf8mb4_unicode_ci NOT NULL,
  `start_time` time DEFAULT '08:00:00',
  `end_time` time DEFAULT '16:00:00',
  `color` varchar(20) CHARACTER SET utf8mb4 COLLATE utf8mb4_unicode_ci DEFAULT '#4285F4',
  `created_at` timestamp NULL DEFAULT CURRENT_TIMESTAMP,
  `updated_at` timestamp NULL DEFAULT CURRENT_TIMESTAMP ON UPDATE CURRENT_TIMESTAMP,
  `shift_type` varchar(50) CHARACTER SET utf8mb4 COLLATE utf8mb4_unicode_ci NOT NULL,
  PRIMARY KEY (`id`),
  KEY `service_id` (`service_id`),
  CONSTRAINT `support_service_assignments_ibfk_1` FOREIGN KEY (`service_id`) REFERENCES `support_services` (`id`) ON DELETE CASCADE
) ENGINE=InnoDB DEFAULT CHARSET=utf8mb4 COLLATE=utf8mb4_unicode_ci;
/*!40101 SET character_set_client = @saved_cs_client */;

--
-- Dumping data for table `support_service_assignments`
--

LOCK TABLES `support_service_assignments` WRITE;
/*!40000 ALTER TABLE `support_service_assignments` DISABLE KEYS */;
INSERT INTO `support_service_assignments` VALUES ('2c67f62c-5bf4-4805-9ac3-e5e5a451bd85','30c5c045-a442-4ec8-b285-c7bc010f4d83','20:00:00','04:00:00','#4285F4','2025-05-25 05:50:11','2025-05-25 05:50:11','weekend_night'),('56356547-809d-4c8f-9bbd-bd78398d1d7a','30c5c045-a442-4ec8-b285-c7bc010f4d83','08:00:00','16:00:00','#4285F4','2025-05-25 05:50:11','2025-05-26 08:04:20','weekend_day'),('a8445e2f-ded7-45dd-a696-6b5b257764ad','ca184e50-8bfa-4d61-b950-c1ba8e65a7a7','09:00:00','17:00:00','#EA4335','2025-05-25 05:50:11','2025-05-26 08:03:53','weekend_day'),('be438b48-ecae-48ac-a9ff-b63a7f45a061','30c5c045-a442-4ec8-b285-c7bc010f4d83','08:00:00','16:00:00','#4285F4','2025-05-25 05:50:11','2025-05-26 09:16:56','week_day'),('e3eab35f-e5b5-4001-a8f5-733314f7587e','ce940139-6ae7-49de-a62a-0d6ba9397928','08:00:00','16:00:00','#34A853','2025-05-25 05:50:11','2025-05-26 09:12:24','week_day'),('e4a761cc-ad70-4925-8295-35c3fec29cc4','30c5c045-a442-4ec8-b285-c7bc010f4d83','20:00:00','04:00:00','#4285F4','2025-05-25 05:50:11','2025-05-25 05:50:11','week_night'),('f864cc63-5b10-4679-8355-1c1bde5ffda0','0b5c7062-1285-4427-8387-b1b4e14eedc9','20:00:00','04:00:00','#FBBC05','2025-05-25 05:50:11','2025-05-25 05:50:11','week_night'),('f9596013-1567-4c31-ae8e-ebb8737e0802','7cfa1ddf-61b0-489e-ad23-b924cf995419','20:00:00','08:00:00','#673AB7','2025-05-25 05:50:11','2025-05-25 05:50:11','weekend_night');
/*!40000 ALTER TABLE `support_service_assignments` ENABLE KEYS */;
UNLOCK TABLES;

--
-- Table structure for table `support_service_porter_assignments`
--

DROP TABLE IF EXISTS `support_service_porter_assignments`;
/*!40101 SET @saved_cs_client     = @@character_set_client */;
/*!50503 SET character_set_client = utf8mb4 */;
CREATE TABLE `support_service_porter_assignments` (
  `id` char(36) CHARACTER SET utf8mb4 COLLATE utf8mb4_unicode_ci NOT NULL DEFAULT (uuid()),
  `support_service_assignment_id` char(36) CHARACTER SET utf8mb4 COLLATE utf8mb4_unicode_ci NOT NULL,
  `porter_id` char(36) CHARACTER SET utf8mb4 COLLATE utf8mb4_unicode_ci NOT NULL,
  `start_time` time DEFAULT '08:00:00',
  `end_time` time DEFAULT '16:00:00',
  `created_at` timestamp NULL DEFAULT CURRENT_TIMESTAMP,
  `updated_at` timestamp NULL DEFAULT CURRENT_TIMESTAMP ON UPDATE CURRENT_TIMESTAMP,
  PRIMARY KEY (`id`),
  KEY `support_service_assignment_id` (`support_service_assignment_id`),
  KEY `porter_id` (`porter_id`),
  CONSTRAINT `support_service_porter_assignments_ibfk_1` FOREIGN KEY (`support_service_assignment_id`) REFERENCES `support_service_assignments` (`id`) ON DELETE CASCADE,
  CONSTRAINT `support_service_porter_assignments_ibfk_2` FOREIGN KEY (`porter_id`) REFERENCES `staff` (`id`) ON DELETE CASCADE
) ENGINE=InnoDB DEFAULT CHARSET=utf8mb4 COLLATE=utf8mb4_unicode_ci;
/*!40101 SET character_set_client = @saved_cs_client */;

--
-- Dumping data for table `support_service_porter_assignments`
--

LOCK TABLES `support_service_porter_assignments` WRITE;
/*!40000 ALTER TABLE `support_service_porter_assignments` DISABLE KEYS */;
INSERT INTO `support_service_porter_assignments` VALUES ('a68dbdbc-95f0-4e0f-a85e-34b852f1a6ef','be438b48-ecae-48ac-a9ff-b63a7f45a061','ab2ba72f-ff0e-450d-a6a7-acf4d80fc235','15:16:00','16:16:00','2025-05-26 09:16:56','2025-05-26 09:16:56'),('d988cc25-9301-41b1-bcb1-7876d68fa11b','e3eab35f-e5b5-4001-a8f5-733314f7587e','786d6d23-69b9-433e-92ed-938806cb10a8','15:12:00','16:12:00','2025-05-26 09:12:25','2025-05-26 09:12:25'),('ec6e6a94-b776-4bca-97af-09168c4b6354','56356547-809d-4c8f-9bbd-bd78398d1d7a','ab2ba72f-ff0e-450d-a6a7-acf4d80fc235','14:58:00','22:58:00','2025-05-26 08:04:20','2025-05-26 08:04:20');
/*!40000 ALTER TABLE `support_service_porter_assignments` ENABLE KEYS */;
UNLOCK TABLES;

--
-- Table structure for table `support_services`
--

DROP TABLE IF EXISTS `support_services`;
/*!40101 SET @saved_cs_client     = @@character_set_client */;
/*!50503 SET character_set_client = utf8mb4 */;
CREATE TABLE `support_services` (
  `id` char(36) CHARACTER SET utf8mb4 COLLATE utf8mb4_unicode_ci NOT NULL DEFAULT (uuid()),
  `name` varchar(255) CHARACTER SET utf8mb4 COLLATE utf8mb4_unicode_ci NOT NULL,
  `description` text CHARACTER SET utf8mb4 COLLATE utf8mb4_unicode_ci,
  `is_active` tinyint(1) DEFAULT '1',
  `created_at` timestamp NULL DEFAULT CURRENT_TIMESTAMP,
  `updated_at` timestamp NULL DEFAULT CURRENT_TIMESTAMP ON UPDATE CURRENT_TIMESTAMP,
  PRIMARY KEY (`id`)
) ENGINE=InnoDB DEFAULT CHARSET=utf8mb4 COLLATE=utf8mb4_unicode_ci;
/*!40101 SET character_set_client = @saved_cs_client */;

--
-- Dumping data for table `support_services`
--

LOCK TABLES `support_services` WRITE;
/*!40000 ALTER TABLE `support_services` DISABLE KEYS */;
INSERT INTO `support_services` VALUES ('0b5c7062-1285-4427-8387-b1b4e14eedc9','Pharmacy','Medication delivery service',1,'2025-05-25 05:50:11','2025-05-25 05:50:11'),('26c0891b-56c0-4346-8d53-de906aaa64c2','Medical Records','Patient records transport service',1,'2025-05-25 05:50:11','2025-05-25 05:50:11'),('2ad13a8b-6ea2-4926-ad4a-64c74d686658','External Waste',NULL,1,'2025-05-28 14:08:35','2025-05-28 14:08:35'),('30c5c045-a442-4ec8-b285-c7bc010f4d83','Laundry','Porter support for laundry services',1,'2025-05-25 05:50:11','2025-05-25 05:50:11'),('5c0d3048-e3c9-4efb-a772-1ebf1253e72a','Meal Delivery',NULL,1,'2025-06-16 15:27:52','2025-06-16 15:27:52'),('7cfa1ddf-61b0-489e-ad23-b924cf995419','Adhoc','Miscellaneous tasks requiring porter assistance',1,'2025-05-25 05:50:11','2025-05-25 05:50:11'),('976ec471-fd8c-450e-a2ce-5b51993e502c','PTS',NULL,1,'2025-06-15 06:47:37','2025-06-15 06:47:37'),('ca184e50-8bfa-4d61-b950-c1ba8e65a7a7','District Drivers','External transport services',1,'2025-05-25 05:50:11','2025-05-25 05:50:11'),('ce940139-6ae7-49de-a62a-0d6ba9397928','Post','Internal mail and document delivery',1,'2025-05-25 05:50:11','2025-05-25 05:50:11');
/*!40000 ALTER TABLE `support_services` ENABLE KEYS */;
UNLOCK TABLES;

--
-- Table structure for table `task_item_department_assignments`
--

DROP TABLE IF EXISTS `task_item_department_assignments`;
/*!40101 SET @saved_cs_client     = @@character_set_client */;
/*!50503 SET character_set_client = utf8mb4 */;
CREATE TABLE `task_item_department_assignments` (
  `id` char(36) CHARACTER SET utf8mb4 COLLATE utf8mb4_unicode_ci NOT NULL DEFAULT (uuid()),
  `task_item_id` char(36) CHARACTER SET utf8mb4 COLLATE utf8mb4_unicode_ci NOT NULL,
  `department_id` char(36) CHARACTER SET utf8mb4 COLLATE utf8mb4_unicode_ci NOT NULL,
  `is_origin` tinyint(1) DEFAULT '0',
  `is_destination` tinyint(1) DEFAULT '0',
  `created_at` timestamp NULL DEFAULT CURRENT_TIMESTAMP,
  PRIMARY KEY (`id`),
  KEY `task_item_id` (`task_item_id`),
  KEY `department_id` (`department_id`),
  CONSTRAINT `task_item_department_assignments_ibfk_1` FOREIGN KEY (`task_item_id`) REFERENCES `task_items` (`id`) ON DELETE CASCADE,
  CONSTRAINT `task_item_department_assignments_ibfk_2` FOREIGN KEY (`department_id`) REFERENCES `departments` (`id`) ON DELETE CASCADE
) ENGINE=InnoDB DEFAULT CHARSET=utf8mb4 COLLATE=utf8mb4_unicode_ci;
/*!40101 SET character_set_client = @saved_cs_client */;

--
-- Dumping data for table `task_item_department_assignments`
--

LOCK TABLES `task_item_department_assignments` WRITE;
/*!40000 ALTER TABLE `task_item_department_assignments` DISABLE KEYS */;
INSERT INTO `task_item_department_assignments` VALUES ('0168fca2-d6d8-4990-890b-f0c503637458','b8fed973-ab36-4d31-801a-7ebbde95413a','969a27a7-f5e5-4c23-b018-128aa2000b97',0,1,'2025-06-15 10:32:15'),('04ff8c2b-43c6-4e20-8d42-a353f2f2d6dd','deab62e1-ae79-4f77-ab65-0a04c1f040a1','5739e53c-a81f-4ee7-9a71-3ffb6e906a5e',0,1,'2025-06-15 10:32:38'),('1c92bb0d-1130-4e11-bf56-b9bfc1f6a49d','532b14f0-042a-4ddf-bc7d-cb95ff298132','dc20fd05-19b3-4874-9d2a-a7c6e24c8b45',1,0,'2025-05-27 15:10:54'),('1e8b9729-c13f-468e-884d-3e6ca1349a12','496c3b93-bc9c-4ea3-b022-aa2843d166e0','60c6f384-09d7-4ec8-bc90-b72fe1d82af9',1,0,'2025-06-15 09:11:58'),('3399338b-5666-4419-a261-dd3b7b8a04da','1f30972f-7089-432c-953d-24d9ede86e5e','06b9e480-8192-4637-be08-07e1755dbd6f',1,0,'2025-06-17 18:24:42'),('4405346a-a92e-4b1a-9e32-cf8978558755','ddcc2518-2bf4-4b6e-a1e9-c38c47a5eb01','9056ee14-242b-4208-a87d-fc59d24d442c',1,0,'2025-06-26 22:04:49'),('473fe53d-59fd-44c3-b72b-8591a9ff4b0d','a59c446d-7263-4733-93ce-5823448a5fde','99d8db21-2c14-4f8f-8e54-54fc81004997',1,1,'2025-06-15 13:21:06'),('55297013-9534-4414-8336-9cf4c10aa8eb','8058ea70-75c8-4e46-a56f-7490a48cd4f5','7ff7d76d-3fe2-4ec9-baed-39c59cfa14e7',1,0,'2025-06-17 18:22:45'),('608a6bee-8823-46a4-8f26-8439d2a3b849','a9026cd2-92b9-4a53-acc6-4cdc0acdcf99','7ff7d76d-3fe2-4ec9-baed-39c59cfa14e7',1,0,'2025-06-17 18:22:59'),('6889d4b6-6b87-469a-b3bc-72a98638d66a','a183cb03-10ec-4dff-8f0d-fafbd4e98ee1','90aad46b-f52f-4c04-9e84-f38d82ba7387',1,0,'2025-06-25 19:22:10'),('742a311f-94d4-4dac-925f-1e7f00c4492f','93150478-e3b7-4315-bfb2-8f44a78b2f77','4430a59f-4d77-4b74-9a3c-3f2430620842',1,0,'2025-06-17 18:23:12'),('9552b960-6905-48b2-b547-7294d312a7dd','e20813d6-ef72-49bf-807e-20e8c0f2beed','465893b5-6ab8-4776-bdbd-fd3c608ab966',1,0,'2025-06-15 10:31:37'),('a1373b6a-ca5c-43d5-8946-07bbc7bea7b4','81e0d17c-740a-4a00-9727-81d222f96234','969a27a7-f5e5-4c23-b018-128aa2000b97',0,1,'2025-06-15 10:32:24'),('bc7e0c71-2821-4e3d-a5bb-760e14633900','0d249150-1b05-431d-a918-926b48a804f4','2aaff65e-ca83-42ce-961f-802b7a0137ab',1,0,'2025-06-17 18:26:00'),('bf3f6838-9282-413d-b843-f89a90cb2be8','b02bb9e1-d3a1-4383-8275-886ebdf6bc86','90aad46b-f52f-4c04-9e84-f38d82ba7387',1,0,'2025-06-25 19:21:49'),('c121c8b5-81bc-430f-9d8b-8c53d6406696','75d9a7db-2806-4bb1-aec6-7131859401f7','90aad46b-f52f-4c04-9e84-f38d82ba7387',1,0,'2025-06-25 19:21:59'),('c322bbcf-743f-11f0-ab6e-c22d51a9af9c','dfe98d58-f606-46f0-afb9-363dfe9a4d3a','2b3bbc1d-13fa-4af2-b23e-1e80c2225370',1,0,'2025-08-08 09:09:25'),('c322cc88-743f-11f0-ab6e-c22d51a9af9c','dfe98d58-f606-46f0-afb9-363dfe9a4d3a','9056ee14-242b-4208-a87d-fc59d24d442c',0,1,'2025-08-08 09:09:25');
/*!40000 ALTER TABLE `task_item_department_assignments` ENABLE KEYS */;
UNLOCK TABLES;

--
-- Table structure for table `task_items`
--

DROP TABLE IF EXISTS `task_items`;
/*!40101 SET @saved_cs_client     = @@character_set_client */;
/*!50503 SET character_set_client = utf8mb4 */;
CREATE TABLE `task_items` (
  `id` char(36) CHARACTER SET utf8mb4 COLLATE utf8mb4_unicode_ci NOT NULL DEFAULT (uuid()),
  `task_type_id` char(36) CHARACTER SET utf8mb4 COLLATE utf8mb4_unicode_ci NOT NULL,
  `name` varchar(255) CHARACTER SET utf8mb4 COLLATE utf8mb4_unicode_ci NOT NULL,
  `description` text CHARACTER SET utf8mb4 COLLATE utf8mb4_unicode_ci,
  `created_at` timestamp NULL DEFAULT CURRENT_TIMESTAMP,
  `updated_at` timestamp NULL DEFAULT CURRENT_TIMESTAMP ON UPDATE CURRENT_TIMESTAMP,
  `is_regular` tinyint(1) DEFAULT '0',
  PRIMARY KEY (`id`),
  KEY `idx_task_items_task_type_id` (`task_type_id`),
  CONSTRAINT `task_items_ibfk_1` FOREIGN KEY (`task_type_id`) REFERENCES `task_types` (`id`) ON DELETE CASCADE
) ENGINE=InnoDB DEFAULT CHARSET=utf8mb4 COLLATE=utf8mb4_unicode_ci;
/*!40101 SET character_set_client = @saved_cs_client */;

--
-- Dumping data for table `task_items`
--

LOCK TABLES `task_items` WRITE;
/*!40000 ALTER TABLE `task_items` DISABLE KEYS */;
INSERT INTO `task_items` VALUES ('0d249150-1b05-431d-a918-926b48a804f4','b864ed57-5547-404e-9459-1641a030974e','Wheelchair',NULL,'2025-06-15 10:31:04','2025-06-15 10:31:04',0),('11069e19-5364-4ec9-b2d4-494c05be7005','b864ed57-5547-404e-9459-1641a030974e','Resus Box',NULL,'2025-06-12 12:22:15','2025-06-12 12:22:15',0),('14446938-25cd-4655-ad84-dbb7db871f28','f286fc68-33ba-4c5a-98b8-ed7f24f8f59c','Bed',NULL,'2025-05-22 10:12:55','2025-06-11 15:30:56',1),('1933a5d4-e02d-4301-b580-a0fdbdbfb21d','f286fc68-33ba-4c5a-98b8-ed7f24f8f59c','Walk',NULL,'2025-05-25 08:51:59','2025-05-25 08:51:59',0),('1e2a9593-d001-4da8-b020-0081d0492468','b864ed57-5547-404e-9459-1641a030974e','Notes / Paperwork',NULL,'2025-06-12 12:23:20','2025-06-18 14:29:28',0),('1f30972f-7089-432c-953d-24d9ede86e5e','b864ed57-5547-404e-9459-1641a030974e','Red Bin',NULL,'2025-06-12 12:22:04','2025-06-12 12:22:04',0),('377506db-7bf7-44e8-bc8f-c7c316914579','a97d8a74-0e16-4e1f-908e-96e935d91002','Entenox E Size',NULL,'2025-05-24 14:18:39','2025-05-24 14:18:39',0),('3af07cde-49fa-48fc-b46a-4367a3850b9b','b864ed57-5547-404e-9459-1641a030974e','Ultrasound Machine',NULL,'2025-06-27 05:36:42','2025-06-27 05:36:42',0),('496c3b93-bc9c-4ea3-b022-aa2843d166e0','a97d8a74-0e16-4e1f-908e-96e935d91002','Entenox Change',NULL,'2025-06-15 09:11:03','2025-06-15 09:11:03',0),('5045371f-efb5-4add-9353-b1741d83f3bf','9299c8d0-e0a2-432b-9f96-7334d1f7d276','Keytone',NULL,'2025-06-25 23:06:37','2025-06-25 23:06:37',0),('51b31b47-4164-434f-bc8b-739e65532b43','863c44be-48bc-4c08-bec7-603761f90ac2','Mixed Items',NULL,'2025-06-15 10:49:01','2025-06-15 10:49:01',0),('532b14f0-042a-4ddf-bc7d-cb95ff298132','bf94a068-cb8f-4a68-b053-14135b4ad6cd','Incubator',NULL,'2025-05-22 10:12:55','2025-05-24 14:17:41',0),('5ae78c1b-b8a8-4938-8ce2-09ed475a1fed','a97d8a74-0e16-4e1f-908e-96e935d91002','Oxygen E Size',NULL,'2025-05-24 14:18:11','2025-05-29 16:55:20',1),('5c0c9e25-ae34-4872-8696-4c4ce6e76112','fe0d7430-0c52-4f2b-83d5-37e1e208be07','Multiple Samples',NULL,'2025-05-24 14:19:53','2025-05-24 14:19:53',0),('5c269ddd-7abd-4d10-a0b3-d93fccb4f6de','f286fc68-33ba-4c5a-98b8-ed7f24f8f59c','Trolly',NULL,'2025-05-24 14:19:02','2025-06-11 15:30:55',0),('68e8e006-79dc-4d5f-aed0-20755d53403b','f286fc68-33ba-4c5a-98b8-ed7f24f8f59c','Wheelchair',NULL,'2025-05-22 10:12:55','2025-05-24 14:18:56',0),('75d9a7db-2806-4bb1-aec6-7131859401f7','4792aa3a-96b6-4296-996e-44c1faf79d68','Male Urinals',NULL,'2025-06-25 19:19:34','2025-06-25 19:19:34',0),('7791f4c0-b86e-46bc-be9c-00f9a91325ef','863c44be-48bc-4c08-bec7-603761f90ac2','Pyjamas',NULL,'2025-06-15 10:47:26','2025-06-15 10:47:26',0),('8058ea70-75c8-4e46-a56f-7490a48cd4f5','b864ed57-5547-404e-9459-1641a030974e','Bed (Complete)',NULL,'2025-05-22 11:00:44','2025-05-22 11:00:44',0),('81e0d17c-740a-4a00-9727-81d222f96234','e89d20b1-1edc-4689-aaf5-ea809fdc9569','Bed Frame',NULL,'2025-05-24 14:27:11','2025-05-24 14:27:11',0),('8589b36d-7d7e-4cf9-9956-34667f2f4069','9299c8d0-e0a2-432b-9f96-7334d1f7d276','Solution Pack',NULL,'2025-06-27 00:19:54','2025-06-27 00:19:54',0),('88875323-d902-4d5a-b0a6-1609cc42050e','863c44be-48bc-4c08-bec7-603761f90ac2','Sheets',NULL,'2025-06-15 10:47:08','2025-06-15 10:47:08',0),('93150478-e3b7-4315-bfb2-8f44a78b2f77','b864ed57-5547-404e-9459-1641a030974e','Mattress',NULL,'2025-05-24 14:17:24','2025-05-24 14:17:24',0),('934256c2-fbe5-480b-a0ac-897d9d5b9358','fe0d7430-0c52-4f2b-83d5-37e1e208be07','Urine Sample',NULL,'2025-05-24 14:19:41','2025-05-24 14:19:41',0),('954aaa9a-d0bc-4d1a-a9f0-288affcc7da8','863c44be-48bc-4c08-bec7-603761f90ac2','Gowns',NULL,'2025-06-15 10:47:36','2025-06-15 10:47:36',0),('a183cb03-10ec-4dff-8f0d-fafbd4e98ee1','4792aa3a-96b6-4296-996e-44c1faf79d68','Snack Box',NULL,'2025-06-18 15:08:29','2025-06-18 15:08:29',0),('a59c446d-7263-4733-93ce-5823448a5fde','a47856e2-f979-4dae-9444-472e548d4a96','Meet Coroners',NULL,'2025-06-15 13:20:33','2025-06-15 13:20:33',0),('a9026cd2-92b9-4a53-acc6-4cdc0acdcf99','b864ed57-5547-404e-9459-1641a030974e','Bed Frame',NULL,'2025-05-22 11:00:52','2025-05-22 11:00:52',0),('addaa696-743d-11f0-ab6e-c22d51a9af9c','4792aa3a-96b6-4296-996e-44c1faf79d68','Test Item',NULL,'2025-08-08 08:54:31','2025-08-08 08:54:31',0),('b02bb9e1-d3a1-4383-8275-886ebdf6bc86','4792aa3a-96b6-4296-996e-44c1faf79d68','Bed Pans',NULL,'2025-06-25 19:19:43','2025-06-25 19:19:43',0),('b55609c2-9be4-4851-ad2c-dfc199795298','9299c8d0-e0a2-432b-9f96-7334d1f7d276','Platelets',NULL,'2025-05-24 14:24:06','2025-05-24 14:24:06',0),('b8fed973-ab36-4d31-801a-7ebbde95413a','e89d20b1-1edc-4689-aaf5-ea809fdc9569','Bed (Complete)',NULL,'2025-05-24 14:27:02','2025-05-24 14:27:02',0),('b9e98825-d96d-45f3-a865-3ef57f26f9ae','863c44be-48bc-4c08-bec7-603761f90ac2','Pillow Cases',NULL,'2025-06-15 10:47:04','2025-06-15 10:47:04',0),('be835d6f-62c6-48bf-ae5f-5257e097349b','f286fc68-33ba-4c5a-98b8-ed7f24f8f59c','Rose Cottage',NULL,'2025-05-27 14:50:48','2025-05-27 14:50:48',0),('c4345550-220c-469c-b413-25a1ba5c433e','863c44be-48bc-4c08-bec7-603761f90ac2','Blankets',NULL,'2025-06-15 10:47:47','2025-06-15 10:47:47',0),('cb673fa9-c4cd-47c0-8526-65e3f10276f0','863c44be-48bc-4c08-bec7-603761f90ac2','Towels',NULL,'2025-06-15 10:47:41','2025-06-15 10:47:41',0),('cda51b73-2107-4dd3-a61e-29cdc9d7ea4e','e89d20b1-1edc-4689-aaf5-ea809fdc9569','Resus Box',NULL,'2025-06-12 12:23:36','2025-06-12 12:23:36',0),('d6c176e9-ddbe-4884-b899-0f16f7eef288','9299c8d0-e0a2-432b-9f96-7334d1f7d276','Glucose Strips',NULL,'2025-06-25 23:06:54','2025-06-25 23:06:54',0),('ddcc2518-2bf4-4b6e-a1e9-c38c47a5eb01','4792aa3a-96b6-4296-996e-44c1faf79d68','Consumable',NULL,'2025-06-26 22:04:32','2025-06-26 22:04:32',0),('deab62e1-ae79-4f77-ab65-0a04c1f040a1','e89d20b1-1edc-4689-aaf5-ea809fdc9569','Mattress',NULL,'2025-05-24 14:27:18','2025-05-24 14:27:18',0),('dfe98d58-f606-46f0-afb9-363dfe9a4d3a','fe0d7430-0c52-4f2b-83d5-37e1e208be07','Blood Sample',NULL,'2025-05-22 10:12:55','2025-06-05 05:40:27',1),('e20813d6-ef72-49bf-807e-20e8c0f2beed','b864ed57-5547-404e-9459-1641a030974e','Swan Bed',NULL,'2025-06-12 12:22:49','2025-06-12 12:22:49',0),('e5e84800-eb11-4889-bb97-39ea75ef5190','9299c8d0-e0a2-432b-9f96-7334d1f7d276','Blood',NULL,'2025-05-24 14:23:49','2025-05-24 14:23:49',0),('e6068d5d-4bc5-4358-8bae-ed23759dc733','a97d8a74-0e16-4e1f-908e-96e935d91002','Oxygen F Size',NULL,'2025-05-22 10:25:09','2025-05-22 10:25:09',0),('ee6c4e53-bcfa-4271-b0d5-dc61a5d0427c','9299c8d0-e0a2-432b-9f96-7334d1f7d276','Albumen',NULL,'2025-05-24 14:23:58','2025-05-24 14:23:58',0),('f18bf0ce-835e-4d9d-92d0-119222a56f5e','a97d8a74-0e16-4e1f-908e-96e935d91002','Oxygen D Size',NULL,'2025-05-24 14:18:21','2025-05-24 14:18:21',0);
/*!40000 ALTER TABLE `task_items` ENABLE KEYS */;
UNLOCK TABLES;

--
-- Table structure for table `task_type_department_assignments`
--

DROP TABLE IF EXISTS `task_type_department_assignments`;
/*!40101 SET @saved_cs_client     = @@character_set_client */;
/*!50503 SET character_set_client = utf8mb4 */;
CREATE TABLE `task_type_department_assignments` (
  `id` char(36) CHARACTER SET utf8mb4 COLLATE utf8mb4_unicode_ci NOT NULL DEFAULT (uuid()),
  `task_type_id` char(36) CHARACTER SET utf8mb4 COLLATE utf8mb4_unicode_ci NOT NULL,
  `department_id` char(36) CHARACTER SET utf8mb4 COLLATE utf8mb4_unicode_ci NOT NULL,
  `is_origin` tinyint(1) DEFAULT '0',
  `is_destination` tinyint(1) DEFAULT '0',
  `created_at` timestamp NULL DEFAULT CURRENT_TIMESTAMP,
  PRIMARY KEY (`id`),
  KEY `task_type_id` (`task_type_id`),
  KEY `department_id` (`department_id`),
  CONSTRAINT `task_type_department_assignments_ibfk_1` FOREIGN KEY (`task_type_id`) REFERENCES `task_types` (`id`) ON DELETE CASCADE,
  CONSTRAINT `task_type_department_assignments_ibfk_2` FOREIGN KEY (`department_id`) REFERENCES `departments` (`id`) ON DELETE CASCADE
) ENGINE=InnoDB DEFAULT CHARSET=utf8mb4 COLLATE=utf8mb4_unicode_ci;
/*!40101 SET character_set_client = @saved_cs_client */;

--
-- Dumping data for table `task_type_department_assignments`
--

LOCK TABLES `task_type_department_assignments` WRITE;
/*!40000 ALTER TABLE `task_type_department_assignments` DISABLE KEYS */;
INSERT INTO `task_type_department_assignments` VALUES ('100f3cf6-3d37-4e48-90f3-c01b7874856b','9299c8d0-e0a2-432b-9f96-7334d1f7d276','bcb9ab4c-88c9-4d90-8b10-d97216de49ed',1,0,'2025-05-24 14:23:37'),('9367427b-d463-41f0-9ea4-993185906e9a','a97d8a74-0e16-4e1f-908e-96e935d91002','d213240b-3564-467a-9c2e-465bf4affe6a',1,0,'2025-07-03 11:34:12'),('a4dd110f-e4f1-4518-964c-f969a2f60bf8','a47856e2-f979-4dae-9444-472e548d4a96','167c7358-aa39-498e-b0b0-bda652b27401',1,0,'2025-06-15 13:27:18'),('ceaa8539-8fd6-4954-8c00-2f8aea4bb3a6','fe0d7430-0c52-4f2b-83d5-37e1e208be07','9056ee14-242b-4208-a87d-fc59d24d442c',0,1,'2025-05-24 11:34:00'),('d7bec80c-dbe8-499a-a2ec-d754f1ac3551','863c44be-48bc-4c08-bec7-603761f90ac2','06582332-0637-4d1a-b86e-876afe0bdc98',1,0,'2025-06-15 10:49:25');
/*!40000 ALTER TABLE `task_type_department_assignments` ENABLE KEYS */;
UNLOCK TABLES;

--
-- Table structure for table `task_types`
--

DROP TABLE IF EXISTS `task_types`;
/*!40101 SET @saved_cs_client     = @@character_set_client */;
/*!50503 SET character_set_client = utf8mb4 */;
CREATE TABLE `task_types` (
  `id` char(36) CHARACTER SET utf8mb4 COLLATE utf8mb4_unicode_ci NOT NULL DEFAULT (uuid()),
  `name` varchar(255) CHARACTER SET utf8mb4 COLLATE utf8mb4_unicode_ci NOT NULL,
  `description` text CHARACTER SET utf8mb4 COLLATE utf8mb4_unicode_ci,
  `created_at` timestamp NULL DEFAULT CURRENT_TIMESTAMP,
  `updated_at` timestamp NULL DEFAULT CURRENT_TIMESTAMP ON UPDATE CURRENT_TIMESTAMP,
  PRIMARY KEY (`id`)
) ENGINE=InnoDB DEFAULT CHARSET=utf8mb4 COLLATE=utf8mb4_unicode_ci;
/*!40101 SET character_set_client = @saved_cs_client */;

--
-- Dumping data for table `task_types`
--

LOCK TABLES `task_types` WRITE;
/*!40000 ALTER TABLE `task_types` DISABLE KEYS */;
INSERT INTO `task_types` VALUES ('4792aa3a-96b6-4296-996e-44c1faf79d68','Adhoc',NULL,'2025-06-18 15:08:15','2025-06-18 15:08:15'),('863c44be-48bc-4c08-bec7-603761f90ac2','Laundry Items',NULL,'2025-06-15 10:46:52','2025-06-15 10:46:52'),('9299c8d0-e0a2-432b-9f96-7334d1f7d276','Transfusion',NULL,'2025-05-24 14:23:22','2025-05-24 14:23:22'),('a47856e2-f979-4dae-9444-472e548d4a96','Coroners',NULL,'2025-06-15 13:20:14','2025-06-15 13:20:14'),('a97d8a74-0e16-4e1f-908e-96e935d91002','Gases',NULL,'2025-05-22 10:24:52','2025-05-24 14:17:58'),('b864ed57-5547-404e-9459-1641a030974e','Asset Delivery',NULL,'2025-05-22 10:24:43','2025-05-22 10:24:43'),('bf94a068-cb8f-4a68-b053-14135b4ad6cd','Equipment Transfer','Tasks related to moving equipment between departments','2025-05-22 10:12:55','2025-05-22 10:12:55'),('e89d20b1-1edc-4689-aaf5-ea809fdc9569','Asset Removal',NULL,'2025-05-24 14:26:50','2025-05-24 14:26:50'),('f286fc68-33ba-4c5a-98b8-ed7f24f8f59c','Patient Transfer','Tasks related to moving patients between departments','2025-05-22 10:12:55','2025-05-24 14:19:11'),('fe0d7430-0c52-4f2b-83d5-37e1e208be07','Samples','Tasks related to delivering specimens to labs','2025-05-22 10:12:55','2025-05-24 14:19:25');
/*!40000 ALTER TABLE `task_types` ENABLE KEYS */;
UNLOCK TABLES;

--
-- Dumping routines for database 'db'
--
/*!40103 SET TIME_ZONE=@OLD_TIME_ZONE */;

/*!40101 SET SQL_MODE=@OLD_SQL_MODE */;
/*!40014 SET FOREIGN_KEY_CHECKS=@OLD_FOREIGN_KEY_CHECKS */;
/*!40014 SET UNIQUE_CHECKS=@OLD_UNIQUE_CHECKS */;
/*!40101 SET CHARACTER_SET_CLIENT=@OLD_CHARACTER_SET_CLIENT */;
/*!40101 SET CHARACTER_SET_RESULTS=@OLD_CHARACTER_SET_RESULTS */;
/*!40101 SET COLLATION_CONNECTION=@OLD_COLLATION_CONNECTION */;
/*!40111 SET SQL_NOTES=@OLD_SQL_NOTES */;

-- Dump completed on 2025-08-15  9:44:37
